region,variable,est,value,type,group
Rural,age,mean,63.45929984136842,Continuous,NA
Rural,age,sd,13.615715395412703,Continuous,NA
Rural,age,median,64.92539356605064,Continuous,NA
Rural,age,q25,55.41615331964408,Continuous,NA
Rural,age,q75,72.98631074606435,Continuous,NA
Rural,age,min,18.28336755646817,Continuous,NA
Rural,age,max,98.71868583162218,Continuous,NA
Rural,age,freq,7122,Continuous,NA
Rural,age,missing,NA,Continuous,NA
Rural,SviOverallPctlRankByZip2020_X,mean,57.11980181200453,Continuous,NA
Rural,SviOverallPctlRankByZip2020_X,sd,24.772619693851162,Continuous,NA
Rural,SviOverallPctlRankByZip2020_X,median,59.01,Continuous,NA
Rural,SviOverallPctlRankByZip2020_X,q25,38.5475,Continuous,NA
Rural,SviOverallPctlRankByZip2020_X,q75,77.6025,Continuous,NA
Rural,SviOverallPctlRankByZip2020_X,min,0.08,Continuous,NA
Rural,SviOverallPctlRankByZip2020_X,max,99.99,Continuous,NA
Rural,SviOverallPctlRankByZip2020_X,freq,7064,Continuous,NA
Rural,SviOverallPctlRankByZip2020_X,missing,58,Continuous,NA
Rural,SviHouseholdCharacteristicsPctlRankByZip2020_X,mean,58.49095130237826,Continuous,NA
Rural,SviHouseholdCharacteristicsPctlRankByZip2020_X,sd,26.351978423684088,Continuous,NA
Rural,SviHouseholdCharacteristicsPctlRankByZip2020_X,median,61.295,Continuous,NA
Rural,SviHouseholdCharacteristicsPctlRankByZip2020_X,q25,37.7675,Continuous,NA
Rural,SviHouseholdCharacteristicsPctlRankByZip2020_X,q75,82.07249999999999,Continuous,NA
Rural,SviHouseholdCharacteristicsPctlRankByZip2020_X,min,0.01,Continuous,NA
Rural,SviHouseholdCharacteristicsPctlRankByZip2020_X,max,99.99,Continuous,NA
Rural,SviHouseholdCharacteristicsPctlRankByZip2020_X,freq,7064,Continuous,NA
Rural,SviHouseholdCharacteristicsPctlRankByZip2020_X,missing,58,Continuous,NA
Rural,SviRacialEthnicMinorityStatusPctlRankByZip2020_X,mean,37.968931200453,Continuous,NA
Rural,SviRacialEthnicMinorityStatusPctlRankByZip2020_X,sd,24.19275253720478,Continuous,NA
Rural,SviRacialEthnicMinorityStatusPctlRankByZip2020_X,median,32.075,Continuous,NA
Rural,SviRacialEthnicMinorityStatusPctlRankByZip2020_X,q25,19.33,Continuous,NA
Rural,SviRacialEthnicMinorityStatusPctlRankByZip2020_X,q75,55.67,Continuous,NA
Rural,SviRacialEthnicMinorityStatusPctlRankByZip2020_X,min,0.02,Continuous,NA
Rural,SviRacialEthnicMinorityStatusPctlRankByZip2020_X,max,99.8,Continuous,NA
Rural,SviRacialEthnicMinorityStatusPctlRankByZip2020_X,freq,7064,Continuous,NA
Rural,SviRacialEthnicMinorityStatusPctlRankByZip2020_X,missing,58,Continuous,NA
Rural,bbi_Y1,mean,0.9333762235870323,Continuous,NA
Rural,bbi_Y1,sd,0.16867037375856297,Continuous,NA
Rural,bbi_Y1,median,1,Continuous,NA
Rural,bbi_Y1,q25,1,Continuous,NA
Rural,bbi_Y1,q75,1,Continuous,NA
Rural,bbi_Y1,min,0,Continuous,NA
Rural,bbi_Y1,max,1,Continuous,NA
Rural,bbi_Y1,freq,6538,Continuous,NA
Rural,bbi_Y1,missing,584,Continuous,NA
Rural,bbi_Y2,mean,0.9345782712142915,Continuous,NA
Rural,bbi_Y2,sd,0.1720490112720504,Continuous,NA
Rural,bbi_Y2,median,1,Continuous,NA
Rural,bbi_Y2,q25,1,Continuous,NA
Rural,bbi_Y2,q75,1,Continuous,NA
Rural,bbi_Y2,min,0,Continuous,NA
Rural,bbi_Y2,max,1,Continuous,NA
Rural,bbi_Y2,freq,5621,Continuous,NA
Rural,bbi_Y2,missing,1501,Continuous,NA
Rural,n_total_Y1,mean,11.195169896096601,Continuous,NA
Rural,n_total_Y1,sd,10.380316851170175,Continuous,NA
Rural,n_total_Y1,median,8,Continuous,NA
Rural,n_total_Y1,q25,4,Continuous,NA
Rural,n_total_Y1,q75,15,Continuous,NA
Rural,n_total_Y1,min,0,Continuous,NA
Rural,n_total_Y1,max,121,Continuous,NA
Rural,n_total_Y1,freq,7122,Continuous,NA
Rural,n_total_Y1,missing,NA,Continuous,NA
Rural,n_total_Y2,mean,8.679724796405504,Continuous,NA
Rural,n_total_Y2,sd,9.61035909121935,Continuous,NA
Rural,n_total_Y2,median,6,Continuous,NA
Rural,n_total_Y2,q25,2,Continuous,NA
Rural,n_total_Y2,q75,12,Continuous,NA
Rural,n_total_Y2,min,0,Continuous,NA
Rural,n_total_Y2,max,106,Continuous,NA
Rural,n_total_Y2,freq,7122,Continuous,NA
Rural,n_total_Y2,missing,NA,Continuous,NA
Rural,Ophthalmology_Y1,mean,0.4018534119629318,Continuous,NA
Rural,Ophthalmology_Y1,sd,1.3101901256231672,Continuous,NA
Rural,Ophthalmology_Y1,median,0,Continuous,NA
Rural,Ophthalmology_Y1,q25,0,Continuous,NA
Rural,Ophthalmology_Y1,q75,0,Continuous,NA
Rural,Ophthalmology_Y1,min,0,Continuous,NA
Rural,Ophthalmology_Y1,max,19,Continuous,NA
Rural,Ophthalmology_Y1,freq,7122,Continuous,NA
Rural,Ophthalmology_Y1,missing,NA,Continuous,NA
Rural,Ophthalmology_Y2,mean,0.2959842740803145,Continuous,NA
Rural,Ophthalmology_Y2,sd,1.0687677251167282,Continuous,NA
Rural,Ophthalmology_Y2,median,0,Continuous,NA
Rural,Ophthalmology_Y2,q25,0,Continuous,NA
Rural,Ophthalmology_Y2,q75,0,Continuous,NA
Rural,Ophthalmology_Y2,min,0,Continuous,NA
Rural,Ophthalmology_Y2,max,20,Continuous,NA
Rural,Ophthalmology_Y2,freq,7122,Continuous,NA
Rural,Ophthalmology_Y2,missing,NA,Continuous,NA
Rural,PrimaryCare_Y1,mean,4.572732378545353,Continuous,NA
Rural,PrimaryCare_Y1,sd,4.363468507000749,Continuous,NA
Rural,PrimaryCare_Y1,median,4,Continuous,NA
Rural,PrimaryCare_Y1,q25,2,Continuous,NA
Rural,PrimaryCare_Y1,q75,6,Continuous,NA
Rural,PrimaryCare_Y1,min,0,Continuous,NA
Rural,PrimaryCare_Y1,max,59,Continuous,NA
Rural,PrimaryCare_Y1,freq,7122,Continuous,NA
Rural,PrimaryCare_Y1,missing,NA,Continuous,NA
Rural,PrimaryCare_Y2,mean,3.6496770570064587,Continuous,NA
Rural,PrimaryCare_Y2,sd,3.9814720496620355,Continuous,NA
Rural,PrimaryCare_Y2,median,3,Continuous,NA
Rural,PrimaryCare_Y2,q25,1,Continuous,NA
Rural,PrimaryCare_Y2,q75,5,Continuous,NA
Rural,PrimaryCare_Y2,min,0,Continuous,NA
Rural,PrimaryCare_Y2,max,45,Continuous,NA
Rural,PrimaryCare_Y2,freq,7122,Continuous,NA
Rural,PrimaryCare_Y2,missing,NA,Continuous,NA
Rural,hba1c_Y1,mean,1.7087896658242068,Continuous,NA
Rural,hba1c_Y1,sd,1.3134088466017013,Continuous,NA
Rural,hba1c_Y1,median,2,Continuous,NA
Rural,hba1c_Y1,q25,1,Continuous,NA
Rural,hba1c_Y1,q75,3,Continuous,NA
Rural,hba1c_Y1,min,0,Continuous,NA
Rural,hba1c_Y1,max,12,Continuous,NA
Rural,hba1c_Y1,freq,7122,Continuous,NA
Rural,hba1c_Y1,missing,NA,Continuous,NA
Rural,hba1c_Y2,mean,1.4750070204998595,Continuous,NA
Rural,hba1c_Y2,sd,1.3020271562377388,Continuous,NA
Rural,hba1c_Y2,median,1,Continuous,NA
Rural,hba1c_Y2,q25,0,Continuous,NA
Rural,hba1c_Y2,q75,2,Continuous,NA
Rural,hba1c_Y2,min,0,Continuous,NA
Rural,hba1c_Y2,max,8,Continuous,NA
Rural,hba1c_Y2,freq,7122,Continuous,NA
Rural,hba1c_Y2,missing,NA,Continuous,NA
Rural,bp_Y1,mean,4.696995226060095,Continuous,NA
Rural,bp_Y1,sd,3.0004005653525887,Continuous,NA
Rural,bp_Y1,median,4,Continuous,NA
Rural,bp_Y1,q25,2,Continuous,NA
Rural,bp_Y1,q75,7,Continuous,NA
Rural,bp_Y1,min,0,Continuous,NA
Rural,bp_Y1,max,12,Continuous,NA
Rural,bp_Y1,freq,7122,Continuous,NA
Rural,bp_Y1,missing,NA,Continuous,NA
Rural,bp_Y2,mean,3.614434147711317,Continuous,NA
Rural,bp_Y2,sd,3.03361396251852,Continuous,NA
Rural,bp_Y2,median,3,Continuous,NA
Rural,bp_Y2,q25,1,Continuous,NA
Rural,bp_Y2,q75,5,Continuous,NA
Rural,bp_Y2,min,0,Continuous,NA
Rural,bp_Y2,max,12,Continuous,NA
Rural,bp_Y2,freq,7122,Continuous,NA
Rural,bp_Y2,missing,NA,Continuous,NA
Rural,ldl_Y1,mean,0.7172142656557147,Continuous,NA
Rural,ldl_Y1,sd,0.8502929545494706,Continuous,NA
Rural,ldl_Y1,median,1,Continuous,NA
Rural,ldl_Y1,q25,0,Continuous,NA
Rural,ldl_Y1,q75,1,Continuous,NA
Rural,ldl_Y1,min,0,Continuous,NA
Rural,ldl_Y1,max,9,Continuous,NA
Rural,ldl_Y1,freq,7122,Continuous,NA
Rural,ldl_Y1,missing,NA,Continuous,NA
Rural,ldl_Y2,mean,0.6203313675933726,Continuous,NA
Rural,ldl_Y2,sd,0.7877891306448034,Continuous,NA
Rural,ldl_Y2,median,0,Continuous,NA
Rural,ldl_Y2,q25,0,Continuous,NA
Rural,ldl_Y2,q75,1,Continuous,NA
Rural,ldl_Y2,min,0,Continuous,NA
Rural,ldl_Y2,max,5,Continuous,NA
Rural,ldl_Y2,freq,7122,Continuous,NA
Rural,ldl_Y2,missing,NA,Continuous,NA
Rural,BodyMassIndex,mean,32.96612842679283,Continuous,NA
Rural,BodyMassIndex,sd,6.691965084147696,Continuous,NA
Rural,BodyMassIndex,median,32.35,Continuous,NA
Rural,BodyMassIndex,q25,28.12,Continuous,NA
Rural,BodyMassIndex,q75,37.47,Continuous,NA
Rural,BodyMassIndex,min,12.74,Continuous,NA
Rural,BodyMassIndex,max,50,Continuous,NA
Rural,BodyMassIndex,freq,6024,Continuous,NA
Rural,BodyMassIndex,missing,1098,Continuous,NA
Rural,SystolicBloodPressure,mean,133.0215100332034,Continuous,NA
Rural,SystolicBloodPressure,sd,17.75572935074578,Continuous,NA
Rural,SystolicBloodPressure,median,131,Continuous,NA
Rural,SystolicBloodPressure,q25,121,Continuous,NA
Rural,SystolicBloodPressure,q75,142,Continuous,NA
Rural,SystolicBloodPressure,min,80,Continuous,NA
Rural,SystolicBloodPressure,max,226,Continuous,NA
Rural,SystolicBloodPressure,freq,6927,Continuous,NA
Rural,SystolicBloodPressure,missing,195,Continuous,NA
Rural,DiastolicBloodPressure,mean,73.79979792147806,Continuous,NA
Rural,DiastolicBloodPressure,sd,10.464837421037645,Continuous,NA
Rural,DiastolicBloodPressure,median,74,Continuous,NA
Rural,DiastolicBloodPressure,q25,67,Continuous,NA
Rural,DiastolicBloodPressure,q75,80,Continuous,NA
Rural,DiastolicBloodPressure,min,35,Continuous,NA
Rural,DiastolicBloodPressure,max,161,Continuous,NA
Rural,DiastolicBloodPressure,freq,6928,Continuous,NA
Rural,DiastolicBloodPressure,missing,194,Continuous,NA
Rural,hba1c,mean,8.043779147231193,Continuous,NA
Rural,hba1c,sd,1.8319927110428447,Continuous,NA
Rural,hba1c,median,7.7,Continuous,NA
Rural,hba1c,q25,6.8,Continuous,NA
Rural,hba1c,q75,8.9,Continuous,NA
Rural,hba1c,min,3.0199999999999996,Continuous,NA
Rural,hba1c,max,19.599999999999998,Continuous,NA
Rural,hba1c,freq,5574,Continuous,NA
Rural,hba1c,missing,1548,Continuous,NA
Rural,ldl,mean,81.45637890625,Continuous,NA
Rural,ldl,sd,36.476520239319,Continuous,NA
Rural,ldl,median,76,Continuous,NA
Rural,ldl,q25,56,Continuous,NA
Rural,ldl,q75,102,Continuous,NA
Rural,ldl,min,10,Continuous,NA
Rural,ldl,max,478,Continuous,NA
Rural,ldl,freq,3840,Continuous,NA
Rural,ldl,missing,3282,Continuous,NA
Rural,hdl,mean,44.63744955609362,Continuous,NA
Rural,hdl,sd,14.625349088278762,Continuous,NA
Rural,hdl,median,42,Continuous,NA
Rural,hdl,q25,35,Continuous,NA
Rural,hdl,q75,51,Continuous,NA
Rural,hdl,min,10,Continuous,NA
Rural,hdl,max,169,Continuous,NA
Rural,hdl,freq,3717,Continuous,NA
Rural,hdl,missing,3405,Continuous,NA
Rural,t,mean,41.71898944919164,Continuous,NA
Rural,t,sd,30.103759150510257,Continuous,NA
Rural,t,median,35.392857142857146,Continuous,NA
Rural,t,q25,17.035714285714285,Continuous,NA
Rural,t,q75,62.892857142857146,Continuous,NA
Rural,t,min,-1.0714285714285714,Continuous,NA
Rural,t,max,116.21428571428571,Continuous,NA
Rural,t,freq,7122,Continuous,NA
Rural,t,missing,NA,Continuous,NA
Urban,age,mean,62.505146531154814,Continuous,NA
Urban,age,sd,13.508941324414106,Continuous,NA
Urban,age,median,63.7015742642026,Continuous,NA
Urban,age,q25,54.26967830253251,Continuous,NA
Urban,age,q75,71.89869952087611,Continuous,NA
Urban,age,min,18.0041067761807,Continuous,NA
Urban,age,max,99.97535934291581,Continuous,NA
Urban,age,freq,95797,Continuous,NA
Urban,age,missing,NA,Continuous,NA
Urban,SviOverallPctlRankByZip2020_X,mean,60.61185388070352,Continuous,NA
Urban,SviOverallPctlRankByZip2020_X,sd,28.630843498367263,Continuous,NA
Urban,SviOverallPctlRankByZip2020_X,median,65.565,Continuous,NA
Urban,SviOverallPctlRankByZip2020_X,q25,36.44,Continuous,NA
Urban,SviOverallPctlRankByZip2020_X,q75,86.8,Continuous,NA
Urban,SviOverallPctlRankByZip2020_X,min,0,Continuous,NA
Urban,SviOverallPctlRankByZip2020_X,max,100,Continuous,NA
Urban,SviOverallPctlRankByZip2020_X,freq,95292,Continuous,NA
Urban,SviOverallPctlRankByZip2020_X,missing,505,Continuous,NA
Urban,SviHouseholdCharacteristicsPctlRankByZip2020_X,mean,58.473639445074085,Continuous,NA
Urban,SviHouseholdCharacteristicsPctlRankByZip2020_X,sd,27.238739365091966,Continuous,NA
Urban,SviHouseholdCharacteristicsPctlRankByZip2020_X,median,61.89,Continuous,NA
Urban,SviHouseholdCharacteristicsPctlRankByZip2020_X,q25,37.230000000000004,Continuous,NA
Urban,SviHouseholdCharacteristicsPctlRankByZip2020_X,q75,82.06,Continuous,NA
Urban,SviHouseholdCharacteristicsPctlRankByZip2020_X,min,0,Continuous,NA
Urban,SviHouseholdCharacteristicsPctlRankByZip2020_X,max,100,Continuous,NA
Urban,SviHouseholdCharacteristicsPctlRankByZip2020_X,freq,95292,Continuous,NA
Urban,SviHouseholdCharacteristicsPctlRankByZip2020_X,missing,505,Continuous,NA
Urban,SviRacialEthnicMinorityStatusPctlRankByZip2020_X,mean,66.18555083322839,Continuous,NA
Urban,SviRacialEthnicMinorityStatusPctlRankByZip2020_X,sd,23.946444906674838,Continuous,NA
Urban,SviRacialEthnicMinorityStatusPctlRankByZip2020_X,median,69.34,Continuous,NA
Urban,SviRacialEthnicMinorityStatusPctlRankByZip2020_X,q25,49.559999999999995,Continuous,NA
Urban,SviRacialEthnicMinorityStatusPctlRankByZip2020_X,q75,86.79,Continuous,NA
Urban,SviRacialEthnicMinorityStatusPctlRankByZip2020_X,min,0,Continuous,NA
Urban,SviRacialEthnicMinorityStatusPctlRankByZip2020_X,max,100,Continuous,NA
Urban,SviRacialEthnicMinorityStatusPctlRankByZip2020_X,freq,95292,Continuous,NA
Urban,SviRacialEthnicMinorityStatusPctlRankByZip2020_X,missing,505,Continuous,NA
Urban,bbi_Y1,mean,0.9196953009630884,Continuous,NA
Urban,bbi_Y1,sd,0.18337419747290454,Continuous,NA
Urban,bbi_Y1,median,1,Continuous,NA
Urban,bbi_Y1,q25,1,Continuous,NA
Urban,bbi_Y1,q75,1,Continuous,NA
Urban,bbi_Y1,min,0,Continuous,NA
Urban,bbi_Y1,max,1,Continuous,NA
Urban,bbi_Y1,freq,88057,Continuous,NA
Urban,bbi_Y1,missing,7740,Continuous,NA
Urban,bbi_Y2,mean,0.9168863898356463,Continuous,NA
Urban,bbi_Y2,sd,0.190104656029891,Continuous,NA
Urban,bbi_Y2,median,1,Continuous,NA
Urban,bbi_Y2,q25,1,Continuous,NA
Urban,bbi_Y2,q75,1,Continuous,NA
Urban,bbi_Y2,min,0,Continuous,NA
Urban,bbi_Y2,max,1,Continuous,NA
Urban,bbi_Y2,freq,76142,Continuous,NA
Urban,bbi_Y2,missing,19655,Continuous,NA
Urban,n_total_Y1,mean,11.236719312713342,Continuous,NA
Urban,n_total_Y1,sd,10.479752929918957,Continuous,NA
Urban,n_total_Y1,median,8,Continuous,NA
Urban,n_total_Y1,q25,4,Continuous,NA
Urban,n_total_Y1,q75,15,Continuous,NA
Urban,n_total_Y1,min,0,Continuous,NA
Urban,n_total_Y1,max,189,Continuous,NA
Urban,n_total_Y1,freq,95797,Continuous,NA
Urban,n_total_Y1,missing,NA,Continuous,NA
Urban,n_total_Y2,mean,8.941135943714313,Continuous,NA
Urban,n_total_Y2,sd,9.821926467120331,Continuous,NA
Urban,n_total_Y2,median,6,Continuous,NA
Urban,n_total_Y2,q25,2,Continuous,NA
Urban,n_total_Y2,q75,12,Continuous,NA
Urban,n_total_Y2,min,0,Continuous,NA
Urban,n_total_Y2,max,189,Continuous,NA
Urban,n_total_Y2,freq,95797,Continuous,NA
Urban,n_total_Y2,missing,NA,Continuous,NA
Urban,Ophthalmology_Y1,mean,0.38633777675710096,Continuous,NA
Urban,Ophthalmology_Y1,sd,1.2324327760313847,Continuous,NA
Urban,Ophthalmology_Y1,median,0,Continuous,NA
Urban,Ophthalmology_Y1,q25,0,Continuous,NA
Urban,Ophthalmology_Y1,q75,0,Continuous,NA
Urban,Ophthalmology_Y1,min,0,Continuous,NA
Urban,Ophthalmology_Y1,max,24,Continuous,NA
Urban,Ophthalmology_Y1,freq,95797,Continuous,NA
Urban,Ophthalmology_Y1,missing,NA,Continuous,NA
Urban,Ophthalmology_Y2,mean,0.29382966063655436,Continuous,NA
Urban,Ophthalmology_Y2,sd,1.018879379366845,Continuous,NA
Urban,Ophthalmology_Y2,median,0,Continuous,NA
Urban,Ophthalmology_Y2,q25,0,Continuous,NA
Urban,Ophthalmology_Y2,q75,0,Continuous,NA
Urban,Ophthalmology_Y2,min,0,Continuous,NA
Urban,Ophthalmology_Y2,max,25,Continuous,NA
Urban,Ophthalmology_Y2,freq,95797,Continuous,NA
Urban,Ophthalmology_Y2,missing,NA,Continuous,NA
Urban,PrimaryCare_Y1,mean,4.58954873325887,Continuous,NA
Urban,PrimaryCare_Y1,sd,4.22367372899546,Continuous,NA
Urban,PrimaryCare_Y1,median,4,Continuous,NA
Urban,PrimaryCare_Y1,q25,2,Continuous,NA
Urban,PrimaryCare_Y1,q75,6,Continuous,NA
Urban,PrimaryCare_Y1,min,0,Continuous,NA
Urban,PrimaryCare_Y1,max,160,Continuous,NA
Urban,PrimaryCare_Y1,freq,95797,Continuous,NA
Urban,PrimaryCare_Y1,missing,NA,Continuous,NA
Urban,PrimaryCare_Y2,mean,3.764742110922054,Continuous,NA
Urban,PrimaryCare_Y2,sd,4.027450011441225,Continuous,NA
Urban,PrimaryCare_Y2,median,3,Continuous,NA
Urban,PrimaryCare_Y2,q25,1,Continuous,NA
Urban,PrimaryCare_Y2,q75,5,Continuous,NA
Urban,PrimaryCare_Y2,min,0,Continuous,NA
Urban,PrimaryCare_Y2,max,147,Continuous,NA
Urban,PrimaryCare_Y2,freq,95797,Continuous,NA
Urban,PrimaryCare_Y2,missing,NA,Continuous,NA
Urban,hba1c_Y1,mean,1.7813605854045533,Continuous,NA
Urban,hba1c_Y1,sd,1.2953840868941489,Continuous,NA
Urban,hba1c_Y1,median,2,Continuous,NA
Urban,hba1c_Y1,q25,1,Continuous,NA
Urban,hba1c_Y1,q75,3,Continuous,NA
Urban,hba1c_Y1,min,0,Continuous,NA
Urban,hba1c_Y1,max,10,Continuous,NA
Urban,hba1c_Y1,freq,95797,Continuous,NA
Urban,hba1c_Y1,missing,NA,Continuous,NA
Urban,hba1c_Y2,mean,1.555194839086819,Continuous,NA
Urban,hba1c_Y2,sd,1.2853275723439421,Continuous,NA
Urban,hba1c_Y2,median,2,Continuous,NA
Urban,hba1c_Y2,q25,0,Continuous,NA
Urban,hba1c_Y2,q75,2,Continuous,NA
Urban,hba1c_Y2,min,0,Continuous,NA
Urban,hba1c_Y2,max,11,Continuous,NA
Urban,hba1c_Y2,freq,95797,Continuous,NA
Urban,hba1c_Y2,missing,NA,Continuous,NA
Urban,bp_Y1,mean,4.7717465056317,Continuous,NA
Urban,bp_Y1,sd,2.985970454128181,Continuous,NA
Urban,bp_Y1,median,4,Continuous,NA
Urban,bp_Y1,q25,2,Continuous,NA
Urban,bp_Y1,q75,7,Continuous,NA
Urban,bp_Y1,min,0,Continuous,NA
Urban,bp_Y1,max,12,Continuous,NA
Urban,bp_Y1,freq,95797,Continuous,NA
Urban,bp_Y1,missing,NA,Continuous,NA
Urban,bp_Y2,mean,3.744908504441684,Continuous,NA
Urban,bp_Y2,sd,3.008397313180585,Continuous,NA
Urban,bp_Y2,median,3,Continuous,NA
Urban,bp_Y2,q25,1,Continuous,NA
Urban,bp_Y2,q75,6,Continuous,NA
Urban,bp_Y2,min,0,Continuous,NA
Urban,bp_Y2,max,12,Continuous,NA
Urban,bp_Y2,freq,95797,Continuous,NA
Urban,bp_Y2,missing,NA,Continuous,NA
Urban,ldl_Y1,mean,0.8582732235873775,Continuous,NA
Urban,ldl_Y1,sd,0.9317315465612755,Continuous,NA
Urban,ldl_Y1,median,1,Continuous,NA
Urban,ldl_Y1,q25,0,Continuous,NA
Urban,ldl_Y1,q75,1,Continuous,NA
Urban,ldl_Y1,min,0,Continuous,NA
Urban,ldl_Y1,max,12,Continuous,NA
Urban,ldl_Y1,freq,95797,Continuous,NA
Urban,ldl_Y1,missing,NA,Continuous,NA
Urban,ldl_Y2,mean,0.7612555716776099,Continuous,NA
Urban,ldl_Y2,sd,0.8809855266349161,Continuous,NA
Urban,ldl_Y2,median,1,Continuous,NA
Urban,ldl_Y2,q25,0,Continuous,NA
Urban,ldl_Y2,q75,1,Continuous,NA
Urban,ldl_Y2,min,0,Continuous,NA
Urban,ldl_Y2,max,10,Continuous,NA
Urban,ldl_Y2,freq,95797,Continuous,NA
Urban,ldl_Y2,missing,NA,Continuous,NA
Urban,BodyMassIndex,mean,32.064195999052906,Continuous,NA
Urban,BodyMassIndex,sd,6.612389611030165,Continuous,NA
Urban,BodyMassIndex,median,31.4,Continuous,NA
Urban,BodyMassIndex,q25,27.22,Continuous,NA
Urban,BodyMassIndex,q75,36.34,Continuous,NA
Urban,BodyMassIndex,min,13,Continuous,NA
Urban,BodyMassIndex,max,50,Continuous,NA
Urban,BodyMassIndex,freq,83413,Continuous,NA
Urban,BodyMassIndex,missing,12384,Continuous,NA
Urban,SystolicBloodPressure,mean,133.70873703255646,Continuous,NA
Urban,SystolicBloodPressure,sd,18.38452180301829,Continuous,NA
Urban,SystolicBloodPressure,median,132,Continuous,NA
Urban,SystolicBloodPressure,q25,121,Continuous,NA
Urban,SystolicBloodPressure,q75,144,Continuous,NA
Urban,SystolicBloodPressure,min,61,Continuous,NA
Urban,SystolicBloodPressure,max,248,Continuous,NA
Urban,SystolicBloodPressure,freq,93407,Continuous,NA
Urban,SystolicBloodPressure,missing,2390,Continuous,NA
Urban,DiastolicBloodPressure,mean,74.85736463987837,Continuous,NA
Urban,DiastolicBloodPressure,sd,10.566723414352076,Continuous,NA
Urban,DiastolicBloodPressure,median,75,Continuous,NA
Urban,DiastolicBloodPressure,q25,68,Continuous,NA
Urban,DiastolicBloodPressure,q75,81,Continuous,NA
Urban,DiastolicBloodPressure,min,30,Continuous,NA
Urban,DiastolicBloodPressure,max,152,Continuous,NA
Urban,DiastolicBloodPressure,freq,93399,Continuous,NA
Urban,DiastolicBloodPressure,missing,2398,Continuous,NA
Urban,hba1c,mean,8.13207135361277,Continuous,NA
Urban,hba1c,sd,1.9587052337467845,Continuous,NA
Urban,hba1c,median,7.7,Continuous,NA
Urban,hba1c,q25,6.8,Continuous,NA
Urban,hba1c,q75,9.1,Continuous,NA
Urban,hba1c,min,3.005,Continuous,NA
Urban,hba1c,max,19.7,Continuous,NA
Urban,hba1c,freq,78662,Continuous,NA
Urban,hba1c,missing,17135,Continuous,NA
Urban,ldl,mean,83.66183683131041,Continuous,NA
Urban,ldl,sd,37.270209585805794,Continuous,NA
Urban,ldl,median,78,Continuous,NA
Urban,ldl,q25,58,Continuous,NA
Urban,ldl,q75,103,Continuous,NA
Urban,ldl,min,10,Continuous,NA
Urban,ldl,max,497.5,Continuous,NA
Urban,ldl,freq,59320,Continuous,NA
Urban,ldl,missing,36477,Continuous,NA
Urban,hdl,mean,46.77933924602324,Continuous,NA
Urban,hdl,sd,16.470929122310984,Continuous,NA
Urban,hdl,median,44,Continuous,NA
Urban,hdl,q25,36,Continuous,NA
Urban,hdl,q75,54,Continuous,NA
Urban,hdl,min,10,Continuous,NA
Urban,hdl,max,215,Continuous,NA
Urban,hdl,freq,57074,Continuous,NA
Urban,hdl,missing,38723,Continuous,NA
Urban,t,mean,41.80759994570722,Continuous,NA
Urban,t,sd,29.798283617098512,Continuous,NA
Urban,t,median,35.42857142857143,Continuous,NA
Urban,t,q25,17.607142857142858,Continuous,NA
Urban,t,q75,62.785714285714285,Continuous,NA
Urban,t,min,-1.0714285714285714,Continuous,NA
Urban,t,max,116.28571428571429,Continuous,NA
Urban,t,freq,95777,Continuous,NA
Urban,t,missing,20,Continuous,NA
Rural,female,proportion,49.49452401010952,Proportion,NA
Rural,female,freq,7122,Proportion,NA
Rural,female,missing,NA,Proportion,NA
Rural,t1dm,proportion,13.072170738556585,Proportion,NA
Rural,t1dm,freq,7122,Proportion,NA
Rural,t1dm,missing,NA,Proportion,NA
Rural,t2dm,proportion,88.14939623701208,Proportion,NA
Rural,t2dm,freq,7122,Proportion,NA
Rural,t2dm,missing,NA,Proportion,NA
Rural,supreme_detected_t2dm,proportion,70.5841055883179,Proportion,NA
Rural,supreme_detected_t2dm,freq,7122,Proportion,NA
Rural,supreme_detected_t2dm,missing,NA,Proportion,NA
Rural,dx_detected_t1dm,proportion,29.69671440606571,Proportion,NA
Rural,dx_detected_t1dm,freq,7122,Proportion,NA
Rural,dx_detected_t1dm,missing,NA,Proportion,NA
Rural,insurance_medicare,proportion,48.40728100113766,Proportion,NA
Rural,insurance_medicare,freq,7032,Proportion,NA
Rural,insurance_medicare,missing,90,Proportion,NA
Rural,insurance_other,proportion,77.57394766780432,Proportion,NA
Rural,insurance_other,freq,7032,Proportion,NA
Rural,insurance_other,missing,90,Proportion,NA
Rural,insurance_medicaid,proportion,18.131399317406142,Proportion,NA
Rural,insurance_medicaid,freq,7032,Proportion,NA
Rural,insurance_medicaid,missing,90,Proportion,NA
Rural,insurance_selfpay,proportion,1.00967007963595,Proportion,NA
Rural,insurance_selfpay,freq,7032,Proportion,NA
Rural,insurance_selfpay,missing,90,Proportion,NA
Rural,mild_npdr_nodme,proportion,94.34147711317046,Proportion,NA
Rural,mild_npdr_nodme,freq,7122,Proportion,NA
Rural,mild_npdr_nodme,missing,NA,Proportion,NA
Rural,moderate_npdr_nodme,proportion,6.852007862959843,Proportion,NA
Rural,moderate_npdr_nodme,freq,7122,Proportion,NA
Rural,moderate_npdr_nodme,missing,NA,Proportion,NA
Rural,n_total_Y1_eq0,proportion,3.664700926705981,Proportion,NA
Rural,n_total_Y1_eq0,freq,7122,Proportion,NA
Rural,n_total_Y1_eq0,missing,NA,Proportion,NA
Rural,n_total_Y2_eq0,proportion,15.402976691940465,Proportion,NA
Rural,n_total_Y2_eq0,freq,7122,Proportion,NA
Rural,n_total_Y2_eq0,missing,NA,Proportion,NA
Rural,bbi_Y1_ge70,proportion,89.22897536802216,Proportion,NA
Rural,bbi_Y1_ge70,freq,6861,Proportion,NA
Rural,bbi_Y1_ge70,missing,261,Proportion,NA
Rural,bbi_Y2_ge70,proportion,89.94190871369294,Proportion,NA
Rural,bbi_Y2_ge70,freq,6025,Proportion,NA
Rural,bbi_Y2_ge70,missing,1097,Proportion,NA
Rural,svi_ge75,proportion,27.703850509626278,Proportion,NA
Rural,svi_ge75,freq,7064,Proportion,NA
Rural,svi_ge75,missing,58,Proportion,NA
Rural,Ophthalmology_Y1_ge1,proportion,16.231395675372088,Proportion,NA
Rural,Ophthalmology_Y1_ge1,freq,7122,Proportion,NA
Rural,Ophthalmology_Y1_ge1,missing,NA,Proportion,NA
Rural,Ophthalmology_Y2_ge1,proportion,13.549564729008706,Proportion,NA
Rural,Ophthalmology_Y2_ge1,freq,7122,Proportion,NA
Rural,Ophthalmology_Y2_ge1,missing,NA,Proportion,NA
Rural,PrimaryCare_Y1_ge1,proportion,86.46447627071048,Proportion,NA
Rural,PrimaryCare_Y1_ge1,freq,7122,Proportion,NA
Rural,PrimaryCare_Y1_ge1,missing,NA,Proportion,NA
Rural,PrimaryCare_Y2_ge1,proportion,75.52653748946925,Proportion,NA
Rural,PrimaryCare_Y2_ge1,freq,7122,Proportion,NA
Rural,PrimaryCare_Y2_ge1,missing,NA,Proportion,NA
Rural,hba1c_Y1_ge1,proportion,76.79022746419545,Proportion,NA
Rural,hba1c_Y1_ge1,freq,7122,Proportion,NA
Rural,hba1c_Y1_ge1,missing,NA,Proportion,NA
Rural,hba1c_Y2_ge1,proportion,68.49199663016007,Proportion,NA
Rural,hba1c_Y2_ge1,freq,7122,Proportion,NA
Rural,hba1c_Y2_ge1,missing,NA,Proportion,NA
Rural,bp_Y1_ge1,proportion,94.10278011794439,Proportion,NA
Rural,bp_Y1_ge1,freq,7122,Proportion,NA
Rural,bp_Y1_ge1,missing,NA,Proportion,NA
Rural,bp_Y2_ge1,proportion,81.21314237573716,Proportion,NA
Rural,bp_Y2_ge1,freq,7122,Proportion,NA
Rural,bp_Y2_ge1,missing,NA,Proportion,NA
Rural,ldl_Y1_ge1,proportion,52.035944959281096,Proportion,NA
Rural,ldl_Y1_ge1,freq,7122,Proportion,NA
Rural,ldl_Y1_ge1,missing,NA,Proportion,NA
Rural,ldl_Y2_ge1,proportion,46.503791069924176,Proportion,NA
Rural,ldl_Y2_ge1,freq,7122,Proportion,NA
Rural,ldl_Y2_ge1,missing,NA,Proportion,NA
Rural,standards_year1_ge2,proportion,54.09997191800057,Proportion,NA
Rural,standards_year1_ge2,freq,7122,Proportion,NA
Rural,standards_year1_ge2,missing,NA,Proportion,NA
Rural,standards_year2_ge2,proportion,47.23392305532153,Proportion,NA
Rural,standards_year2_ge2,freq,7122,Proportion,NA
Rural,standards_year2_ge2,missing,NA,Proportion,NA
Rural,ABC_Y1_ge1,proportion,49.297950014041,Proportion,NA
Rural,ABC_Y1_ge1,freq,7122,Proportion,NA
Rural,ABC_Y1_ge1,missing,NA,Proportion,NA
Rural,ABC_Y2_ge1,proportion,43.17607413647851,Proportion,NA
Rural,ABC_Y2_ge1,freq,7122,Proportion,NA
Rural,ABC_Y2_ge1,missing,NA,Proportion,NA
Rural,Ophthalmology_both,proportion,8.789665824206685,Proportion,NA
Rural,Ophthalmology_both,freq,7122,Proportion,NA
Rural,Ophthalmology_both,missing,NA,Proportion,NA
Rural,PrimaryCare_both,proportion,72.14265655714686,Proportion,NA
Rural,PrimaryCare_both,freq,7122,Proportion,NA
Rural,PrimaryCare_both,missing,NA,Proportion,NA
Rural,ABC_both,proportion,29.94945240101095,Proportion,NA
Rural,ABC_both,freq,7122,Proportion,NA
Rural,ABC_both,missing,NA,Proportion,NA
Rural,soc_both,proportion,34.99017130019658,Proportion,NA
Rural,soc_both,freq,7122,Proportion,NA
Rural,soc_both,missing,NA,Proportion,NA
Rural,htn_dx,proportion,77.85734344285314,Proportion,NA
Rural,htn_dx,freq,7122,Proportion,NA
Rural,htn_dx,missing,NA,Proportion,NA
Rural,hld_dx,proportion,81.08677337826452,Proportion,NA
Rural,hld_dx,freq,7122,Proportion,NA
Rural,hld_dx,missing,NA,Proportion,NA
Rural,cerebro_dx,proportion,3.580454928390901,Proportion,NA
Rural,cerebro_dx,freq,7122,Proportion,NA
Rural,cerebro_dx,missing,NA,Proportion,NA
Rural,pulmonary_dx,proportion,17.705700645885987,Proportion,NA
Rural,pulmonary_dx,freq,7122,Proportion,NA
Rural,pulmonary_dx,missing,NA,Proportion,NA
Rural,cardiovascular_dx,proportion,46.81269306374614,Proportion,NA
Rural,cardiovascular_dx,freq,7122,Proportion,NA
Rural,cardiovascular_dx,missing,NA,Proportion,NA
Rural,obesity_dx,proportion,26.60769446784611,Proportion,NA
Rural,obesity_dx,freq,7122,Proportion,NA
Rural,obesity_dx,missing,NA,Proportion,NA
Rural,htn_rx,proportion,53.46812693063746,Proportion,NA
Rural,htn_rx,freq,7122,Proportion,NA
Rural,htn_rx,missing,NA,Proportion,NA
Rural,hld_rx,proportion,58.522886829542266,Proportion,NA
Rural,hld_rx,freq,7122,Proportion,NA
Rural,hld_rx,missing,NA,Proportion,NA
Rural,statin_rx,proportion,58.35439483291211,Proportion,NA
Rural,statin_rx,freq,7122,Proportion,NA
Rural,statin_rx,missing,NA,Proportion,NA
Rural,insulin_rx,proportion,56.86604886267902,Proportion,NA
Rural,insulin_rx,freq,7122,Proportion,NA
Rural,insulin_rx,missing,NA,Proportion,NA
Rural,otherdm_rx,proportion,55.50407188991856,Proportion,NA
Rural,otherdm_rx,freq,7122,Proportion,NA
Rural,otherdm_rx,missing,NA,Proportion,NA
Rural,depres_rx,proportion,5.377702892445942,Proportion,NA
Rural,depres_rx,freq,7122,Proportion,NA
Rural,depres_rx,missing,NA,Proportion,NA
Rural,psych_rx,proportion,4.549283909014322,Proportion,NA
Rural,psych_rx,freq,7122,Proportion,NA
Rural,psych_rx,missing,NA,Proportion,NA
Rural,outcome,proportion,12.594776748104463,Proportion,NA
Rural,outcome,freq,7122,Proportion,NA
Rural,outcome,missing,NA,Proportion,NA
Rural,o_severe_npdr,proportion,8.918617614269788,Proportion,NA
Rural,o_severe_npdr,freq,897,Proportion,NA
Rural,o_severe_npdr,missing,6225,Proportion,NA
Rural,o_npdr_dme,proportion,57.52508361204013,Proportion,NA
Rural,o_npdr_dme,freq,897,Proportion,NA
Rural,o_npdr_dme,missing,6225,Proportion,NA
Rural,o_pdr,proportion,36.45484949832776,Proportion,NA
Rural,o_pdr,freq,897,Proportion,NA
Rural,o_pdr,missing,6225,Proportion,NA
Rural,o_dme,proportion,0.8918617614269788,Proportion,NA
Rural,o_dme,freq,897,Proportion,NA
Rural,o_dme,missing,6225,Proportion,NA
Urban,female,proportion,51.24377590112425,Proportion,NA
Urban,female,freq,95797,Proportion,NA
Urban,female,missing,NA,Proportion,NA
Urban,t1dm,proportion,11.104731880956606,Proportion,NA
Urban,t1dm,freq,95797,Proportion,NA
Urban,t1dm,missing,NA,Proportion,NA
Urban,t2dm,proportion,89.7721223002808,Proportion,NA
Urban,t2dm,freq,95797,Proportion,NA
Urban,t2dm,missing,NA,Proportion,NA
Urban,supreme_detected_t2dm,proportion,72.61814044281137,Proportion,NA
Urban,supreme_detected_t2dm,freq,95797,Proportion,NA
Urban,supreme_detected_t2dm,missing,NA,Proportion,NA
Urban,dx_detected_t1dm,proportion,27.693977890748144,Proportion,NA
Urban,dx_detected_t1dm,freq,95797,Proportion,NA
Urban,dx_detected_t1dm,missing,NA,Proportion,NA
Urban,insurance_medicare,proportion,38.410230265952926,Proportion,NA
Urban,insurance_medicare,freq,94152,Proportion,NA
Urban,insurance_medicare,missing,1645,Proportion,NA
Urban,insurance_other,proportion,79.8761577024386,Proportion,NA
Urban,insurance_other,freq,94152,Proportion,NA
Urban,insurance_other,missing,1645,Proportion,NA
Urban,insurance_medicaid,proportion,19.9751465715014,Proportion,NA
Urban,insurance_medicaid,freq,94152,Proportion,NA
Urban,insurance_medicaid,missing,1645,Proportion,NA
Urban,insurance_selfpay,proportion,1.1226527317529102,Proportion,NA
Urban,insurance_selfpay,freq,94152,Proportion,NA
Urban,insurance_selfpay,missing,1645,Proportion,NA
Urban,mild_npdr_nodme,proportion,93.30772362391306,Proportion,NA
Urban,mild_npdr_nodme,freq,95797,Proportion,NA
Urban,mild_npdr_nodme,missing,NA,Proportion,NA
Urban,moderate_npdr_nodme,proportion,8.05348810505548,Proportion,NA
Urban,moderate_npdr_nodme,freq,95797,Proportion,NA
Urban,moderate_npdr_nodme,missing,NA,Proportion,NA
Urban,n_total_Y1_eq0,proportion,3.88321137405138,Proportion,NA
Urban,n_total_Y1_eq0,freq,95797,Proportion,NA
Urban,n_total_Y1_eq0,missing,NA,Proportion,NA
Urban,n_total_Y2_eq0,proportion,14.75829096944581,Proportion,NA
Urban,n_total_Y2_eq0,freq,95797,Proportion,NA
Urban,n_total_Y2_eq0,missing,NA,Proportion,NA
Urban,bbi_Y1_ge70,proportion,87.01847366877722,Proportion,NA
Urban,bbi_Y1_ge70,freq,92077,Proportion,NA
Urban,bbi_Y1_ge70,missing,3720,Proportion,NA
Urban,bbi_Y2_ge70,proportion,87.0608261183703,Proportion,NA
Urban,bbi_Y2_ge70,freq,81659,Proportion,NA
Urban,bbi_Y2_ge70,missing,14138,Proportion,NA
Urban,svi_ge75,proportion,39.77038995928305,Proportion,NA
Urban,svi_ge75,freq,95292,Proportion,NA
Urban,svi_ge75,missing,505,Proportion,NA
Urban,Ophthalmology_Y1_ge1,proportion,16.249986951574684,Proportion,NA
Urban,Ophthalmology_Y1_ge1,freq,95797,Proportion,NA
Urban,Ophthalmology_Y1_ge1,missing,NA,Proportion,NA
Urban,Ophthalmology_Y2_ge1,proportion,13.879349040157834,Proportion,NA
Urban,Ophthalmology_Y2_ge1,freq,95797,Proportion,NA
Urban,Ophthalmology_Y2_ge1,missing,NA,Proportion,NA
Urban,PrimaryCare_Y1_ge1,proportion,88.14472269486518,Proportion,NA
Urban,PrimaryCare_Y1_ge1,freq,95797,Proportion,NA
Urban,PrimaryCare_Y1_ge1,missing,NA,Proportion,NA
Urban,PrimaryCare_Y2_ge1,proportion,77.67988559140683,Proportion,NA
Urban,PrimaryCare_Y2_ge1,freq,95797,Proportion,NA
Urban,PrimaryCare_Y2_ge1,missing,NA,Proportion,NA
Urban,hba1c_Y1_ge1,proportion,80.28435128448699,Proportion,NA
Urban,hba1c_Y1_ge1,freq,95797,Proportion,NA
Urban,hba1c_Y1_ge1,missing,NA,Proportion,NA
Urban,hba1c_Y2_ge1,proportion,72.73296658559245,Proportion,NA
Urban,hba1c_Y2_ge1,freq,95797,Proportion,NA
Urban,hba1c_Y2_ge1,missing,NA,Proportion,NA
Urban,bp_Y1_ge1,proportion,94.48521352443187,Proportion,NA
Urban,bp_Y1_ge1,freq,95797,Proportion,NA
Urban,bp_Y1_ge1,missing,NA,Proportion,NA
Urban,bp_Y2_ge1,proportion,82.72179713352192,Proportion,NA
Urban,bp_Y2_ge1,freq,95797,Proportion,NA
Urban,bp_Y2_ge1,missing,NA,Proportion,NA
Urban,ldl_Y1_ge1,proportion,58.25338998089711,Proportion,NA
Urban,ldl_Y1_ge1,freq,95797,Proportion,NA
Urban,ldl_Y1_ge1,missing,NA,Proportion,NA
Urban,ldl_Y2_ge1,proportion,53.416077747737404,Proportion,NA
Urban,ldl_Y2_ge1,freq,95797,Proportion,NA
Urban,ldl_Y2_ge1,missing,NA,Proportion,NA
Urban,standards_year1_ge2,proportion,59.55718863847511,Proportion,NA
Urban,standards_year1_ge2,freq,95797,Proportion,NA
Urban,standards_year1_ge2,missing,NA,Proportion,NA
Urban,standards_year2_ge2,proportion,52.905623349374196,Proportion,NA
Urban,standards_year2_ge2,freq,95797,Proportion,NA
Urban,standards_year2_ge2,missing,NA,Proportion,NA
Urban,ABC_Y1_ge1,proportion,55.276261260791046,Proportion,NA
Urban,ABC_Y1_ge1,freq,95797,Proportion,NA
Urban,ABC_Y1_ge1,missing,NA,Proportion,NA
Urban,ABC_Y2_ge1,proportion,49.71658820213577,Proportion,NA
Urban,ABC_Y2_ge1,freq,95797,Proportion,NA
Urban,ABC_Y2_ge1,missing,NA,Proportion,NA
Urban,Ophthalmology_both,proportion,8.788375418854452,Proportion,NA
Urban,Ophthalmology_both,freq,95797,Proportion,NA
Urban,Ophthalmology_both,missing,NA,Proportion,NA
Urban,PrimaryCare_both,proportion,74.17977598463418,Proportion,NA
Urban,PrimaryCare_both,freq,95797,Proportion,NA
Urban,PrimaryCare_both,missing,NA,Proportion,NA
Urban,ABC_both,proportion,35.83828303600322,Proportion,NA
Urban,ABC_both,freq,95797,Proportion,NA
Urban,ABC_both,missing,NA,Proportion,NA
Urban,soc_both,proportion,40.36765243170454,Proportion,NA
Urban,soc_both,freq,95797,Proportion,NA
Urban,soc_both,missing,NA,Proportion,NA
Urban,htn_dx,proportion,79.56094658496613,Proportion,NA
Urban,htn_dx,freq,95797,Proportion,NA
Urban,htn_dx,missing,NA,Proportion,NA
Urban,hld_dx,proportion,82.45456538304957,Proportion,NA
Urban,hld_dx,freq,95797,Proportion,NA
Urban,hld_dx,missing,NA,Proportion,NA
Urban,cerebro_dx,proportion,3.5324697015564164,Proportion,NA
Urban,cerebro_dx,freq,95797,Proportion,NA
Urban,cerebro_dx,missing,NA,Proportion,NA
Urban,pulmonary_dx,proportion,15.549547480610041,Proportion,NA
Urban,pulmonary_dx,freq,95797,Proportion,NA
Urban,pulmonary_dx,missing,NA,Proportion,NA
Urban,cardiovascular_dx,proportion,42.998214975416765,Proportion,NA
Urban,cardiovascular_dx,freq,95797,Proportion,NA
Urban,cardiovascular_dx,missing,NA,Proportion,NA
Urban,obesity_dx,proportion,26.360950760462227,Proportion,NA
Urban,obesity_dx,freq,95797,Proportion,NA
Urban,obesity_dx,missing,NA,Proportion,NA
Urban,htn_rx,proportion,56.13015021347224,Proportion,NA
Urban,htn_rx,freq,95797,Proportion,NA
Urban,htn_rx,missing,NA,Proportion,NA
Urban,hld_rx,proportion,63.29112602691107,Proportion,NA
Urban,hld_rx,freq,95797,Proportion,NA
Urban,hld_rx,missing,NA,Proportion,NA
Urban,statin_rx,proportion,62.98213931542741,Proportion,NA
Urban,statin_rx,freq,95797,Proportion,NA
Urban,statin_rx,missing,NA,Proportion,NA
Urban,insulin_rx,proportion,57.131225403718275,Proportion,NA
Urban,insulin_rx,freq,95797,Proportion,NA
Urban,insulin_rx,missing,NA,Proportion,NA
Urban,otherdm_rx,proportion,60.74824890132259,Proportion,NA
Urban,otherdm_rx,freq,95797,Proportion,NA
Urban,otherdm_rx,missing,NA,Proportion,NA
Urban,depres_rx,proportion,5.36864411202856,Proportion,NA
Urban,depres_rx,freq,95797,Proportion,NA
Urban,depres_rx,missing,NA,Proportion,NA
Urban,psych_rx,proportion,4.846707099387245,Proportion,NA
Urban,psych_rx,freq,95797,Proportion,NA
Urban,psych_rx,missing,NA,Proportion,NA
Urban,outcome,proportion,13.937805985573663,Proportion,NA
Urban,outcome,freq,95797,Proportion,NA
Urban,outcome,missing,NA,Proportion,NA
Urban,o_severe_npdr,proportion,10.215698022768125,Proportion,NA
Urban,o_severe_npdr,freq,13352,Proportion,NA
Urban,o_severe_npdr,missing,82445,Proportion,NA
Urban,o_npdr_dme,proportion,53.14559616536848,Proportion,NA
Urban,o_npdr_dme,freq,13352,Proportion,NA
Urban,o_npdr_dme,missing,82445,Proportion,NA
Urban,o_pdr,proportion,39.91911324146195,Proportion,NA
Urban,o_pdr,freq,13352,Proportion,NA
Urban,o_pdr,missing,82445,Proportion,NA
Urban,o_dme,proportion,0.6815458358298382,Proportion,NA
Urban,o_dme,freq,13352,Proportion,NA
Urban,o_dme,missing,82445,Proportion,NA
Rural,raceeth,proportion,84.44257231114855,Grouped,NHWhite
Rural,raceeth,freq,6014,Grouped,NHWhite
Rural,raceeth,proportion,6.276326874473463,Grouped,NHBlack
Rural,raceeth,freq,447,Grouped,NHBlack
Rural,raceeth,proportion,4.015725919685481,Grouped,Hispanic
Rural,raceeth,freq,286,Grouped,Hispanic
Rural,raceeth,proportion,5.265374894692502,Grouped,NHOther
Rural,raceeth,freq,375,Grouped,NHOther
Urban,raceeth,proportion,56.639560737810164,Grouped,NHWhite
Urban,raceeth,freq,54259,Grouped,NHWhite
Urban,raceeth,proportion,22.476695512385565,Grouped,NHBlack
Urban,raceeth,freq,21532,Grouped,NHBlack
Urban,raceeth,proportion,11.653809618255268,Grouped,Hispanic
Urban,raceeth,freq,11164,Grouped,Hispanic
Urban,raceeth,proportion,9.229934131549005,Grouped,NHOther
Urban,raceeth,freq,8842,Grouped,NHOther
Rural,eligibility,proportion,93.51305812973884,Grouped,no death recorded
Rural,eligibility,freq,6660,Grouped,no death recorded
Rural,eligibility,proportion,6.4869418702611625,Grouped,no death within 2 years
Rural,eligibility,freq,462,Grouped,no death within 2 years
Urban,eligibility,proportion,94.94451809555623,Grouped,no death recorded
Urban,eligibility,freq,90954,Grouped,no death recorded
Urban,eligibility,proportion,5.055481904443772,Grouped,no death within 2 years
Urban,eligibility,freq,4843,Grouped,no death within 2 years
Rural,historical_hba1c_group,proportion,22.97107554057849,Grouped,<7
Rural,historical_hba1c_group,freq,1636,Grouped,<7
Rural,historical_hba1c_group,proportion,36.759337264813254,Grouped,7-9
Rural,historical_hba1c_group,freq,2618,Grouped,7-9
Rural,historical_hba1c_group,proportion,18.53411962931761,Grouped,>=9
Rural,historical_hba1c_group,freq,1320,Grouped,>=9
Rural,historical_hba1c_group,proportion,21.735467565290648,Grouped,Unavailable
Rural,historical_hba1c_group,freq,1548,Grouped,Unavailable
Urban,historical_hba1c_group,proportion,24.628119878493063,Grouped,<7
Urban,historical_hba1c_group,freq,23593,Grouped,<7
Urban,historical_hba1c_group,proportion,35.57835840370784,Grouped,7-9
Urban,historical_hba1c_group,freq,34083,Grouped,7-9
Urban,historical_hba1c_group,proportion,21.90674029458125,Grouped,>=9
Urban,historical_hba1c_group,freq,20986,Grouped,>=9
Urban,historical_hba1c_group,proportion,17.886781423217847,Grouped,Unavailable
Urban,historical_hba1c_group,freq,17135,Grouped,Unavailable
Rural,historical_bp_group,proportion,66.04886267902275,Grouped,<140/90
Rural,historical_bp_group,freq,4704,Grouped,<140/90
Rural,historical_bp_group,proportion,22.81662454366751,Grouped,<160/100
Rural,historical_bp_group,freq,1625,Grouped,<160/100
Rural,historical_bp_group,proportion,8.396517832069643,Grouped,>=160/100
Rural,historical_bp_group,freq,598,Grouped,>=160/100
Rural,historical_bp_group,proportion,2.737994945240101,Grouped,Unavailable
Rural,historical_bp_group,freq,195,Grouped,Unavailable
Urban,historical_bp_group,proportion,63.800536551248996,Grouped,<140/90
Urban,historical_bp_group,freq,61119,Grouped,<140/90
Urban,historical_bp_group,proportion,24.522688601939517,Grouped,<160/100
Urban,historical_bp_group,freq,23492,Grouped,<160/100
Urban,historical_bp_group,proportion,9.173564934183743,Grouped,>=160/100
Urban,historical_bp_group,freq,8788,Grouped,>=160/100
Urban,historical_bp_group,proportion,2.503209912627744,Grouped,Unavailable
Urban,historical_bp_group,freq,2398,Grouped,Unavailable
Rural,historical_ldl_group,proportion,39.28671721426566,Grouped,<100
Rural,historical_ldl_group,freq,2798,Grouped,<100
Rural,historical_ldl_group,proportion,9.519797809604043,Grouped,<130
Rural,historical_ldl_group,freq,678,Grouped,<130
Rural,historical_ldl_group,proportion,3.3136759337264814,Grouped,<160
Rural,historical_ldl_group,freq,236,Grouped,<160
Rural,historical_ldl_group,proportion,1.7972479640550407,Grouped,>=160
Rural,historical_ldl_group,freq,128,Grouped,>=160
Rural,historical_ldl_group,proportion,46.08256107834878,Grouped,Unavailable
Rural,historical_ldl_group,freq,3282,Grouped,Unavailable
Urban,historical_ldl_group,proportion,44.55776276918901,Grouped,<100
Urban,historical_ldl_group,freq,42685,Grouped,<100
Urban,historical_ldl_group,proportion,10.410555654143659,Grouped,<130
Urban,historical_ldl_group,freq,9973,Grouped,<130
Urban,historical_ldl_group,proportion,4.525193899600196,Grouped,<160
Urban,historical_ldl_group,freq,4335,Grouped,<160
Urban,historical_ldl_group,proportion,2.4290948568326773,Grouped,>=160
Urban,historical_ldl_group,freq,2327,Grouped,>=160
Urban,historical_ldl_group,proportion,38.07739282023445,Grouped,Unavailable
Urban,historical_ldl_group,freq,36477,Grouped,Unavailable
Rural,ValidatedStateOrProvince_X,proportion,0.014040999719180006,Grouped,*Unspecified
Rural,ValidatedStateOrProvince_X,freq,11,Grouped,*Unspecified
Rural,ValidatedStateOrProvince_X,proportion,0.6739679865206403,Grouped,Alabama
Rural,ValidatedStateOrProvince_X,freq,48,Grouped,Alabama
Rural,ValidatedStateOrProvince_X,proportion,0.11232799775344005,Grouped,Alaska
Rural,ValidatedStateOrProvince_X,freq,11,Grouped,Alaska
Rural,ValidatedStateOrProvince_X,proportion,0.09828699803426004,Grouped,Arizona
Rural,ValidatedStateOrProvince_X,freq,11,Grouped,Arizona
Rural,ValidatedStateOrProvince_X,proportion,1.7972479640550407,Grouped,Arkansas
Rural,ValidatedStateOrProvince_X,freq,128,Grouped,Arkansas
Rural,ValidatedStateOrProvince_X,proportion,0.6178039876439202,Grouped,California
Rural,ValidatedStateOrProvince_X,freq,44,Grouped,California
Rural,ValidatedStateOrProvince_X,proportion,0.09828699803426004,Grouped,Colorado
Rural,ValidatedStateOrProvince_X,freq,11,Grouped,Colorado
Rural,ValidatedStateOrProvince_X,proportion,0.14040999719180006,Grouped,Connecticut
Rural,ValidatedStateOrProvince_X,freq,11,Grouped,Connecticut
Rural,ValidatedStateOrProvince_X,proportion,0.15445099691098005,Grouped,Delaware
Rural,ValidatedStateOrProvince_X,freq,11,Grouped,Delaware
Rural,ValidatedStateOrProvince_X,proportion,0.5335579893288402,Grouped,Florida
Rural,ValidatedStateOrProvince_X,freq,38,Grouped,Florida
Rural,ValidatedStateOrProvince_X,proportion,0.09828699803426004,Grouped,Georgia
Rural,ValidatedStateOrProvince_X,freq,11,Grouped,Georgia
Rural,ValidatedStateOrProvince_X,proportion,0.2948609941027801,Grouped,Hawaii
Rural,ValidatedStateOrProvince_X,freq,21,Grouped,Hawaii
Rural,ValidatedStateOrProvince_X,proportion,0.7441729851165403,Grouped,Idaho
Rural,ValidatedStateOrProvince_X,freq,53,Grouped,Idaho
Rural,ValidatedStateOrProvince_X,proportion,5.110923897781522,Grouped,Illinois
Rural,ValidatedStateOrProvince_X,freq,364,Grouped,Illinois
Rural,ValidatedStateOrProvince_X,proportion,2.878404942431901,Grouped,Indiana
Rural,ValidatedStateOrProvince_X,freq,205,Grouped,Indiana
Rural,ValidatedStateOrProvince_X,proportion,5.096882898062342,Grouped,Iowa
Rural,ValidatedStateOrProvince_X,freq,363,Grouped,Iowa
Rural,ValidatedStateOrProvince_X,proportion,1.3479359730412805,Grouped,Kansas
Rural,ValidatedStateOrProvince_X,freq,96,Grouped,Kansas
Rural,ValidatedStateOrProvince_X,proportion,2.330805953383881,Grouped,Kentucky
Rural,ValidatedStateOrProvince_X,freq,166,Grouped,Kentucky
Rural,ValidatedStateOrProvince_X,proportion,1.2215669755686605,Grouped,Louisiana
Rural,ValidatedStateOrProvince_X,freq,87,Grouped,Louisiana
Rural,ValidatedStateOrProvince_X,proportion,4.7598989048020215,Grouped,Maine
Rural,ValidatedStateOrProvince_X,freq,339,Grouped,Maine
Rural,ValidatedStateOrProvince_X,proportion,0.8986239820275204,Grouped,Maryland
Rural,ValidatedStateOrProvince_X,freq,64,Grouped,Maryland
Rural,ValidatedStateOrProvince_X,proportion,0.02808199943836001,Grouped,Massachusetts
Rural,ValidatedStateOrProvince_X,freq,11,Grouped,Massachusetts
Rural,ValidatedStateOrProvince_X,proportion,5.110923897781522,Grouped,Michigan
Rural,ValidatedStateOrProvince_X,freq,364,Grouped,Michigan
Rural,ValidatedStateOrProvince_X,proportion,7.582139848357203,Grouped,Minnesota
Rural,ValidatedStateOrProvince_X,freq,540,Grouped,Minnesota
Rural,ValidatedStateOrProvince_X,proportion,5.181128896377422,Grouped,Mississippi
Rural,ValidatedStateOrProvince_X,freq,369,Grouped,Mississippi
Rural,ValidatedStateOrProvince_X,proportion,1.4181409716371807,Grouped,Missouri
Rural,ValidatedStateOrProvince_X,freq,101,Grouped,Missouri
Rural,ValidatedStateOrProvince_X,proportion,0.08424599831508003,Grouped,Montana
Rural,ValidatedStateOrProvince_X,freq,11,Grouped,Montana
Rural,ValidatedStateOrProvince_X,proportion,0.2246559955068801,Grouped,Nebraska
Rural,ValidatedStateOrProvince_X,freq,16,Grouped,Nebraska
Rural,ValidatedStateOrProvince_X,proportion,0.23869699522606008,Grouped,Nevada
Rural,ValidatedStateOrProvince_X,freq,17,Grouped,Nevada
Rural,ValidatedStateOrProvince_X,proportion,2.274641954507161,Grouped,New Hampshire
Rural,ValidatedStateOrProvince_X,freq,162,Grouped,New Hampshire
Rural,ValidatedStateOrProvince_X,proportion,0.07020499859590003,Grouped,New Mexico
Rural,ValidatedStateOrProvince_X,freq,11,Grouped,New Mexico
Rural,ValidatedStateOrProvince_X,proportion,7.455770850884583,Grouped,New York
Rural,ValidatedStateOrProvince_X,freq,531,Grouped,New York
Rural,ValidatedStateOrProvince_X,proportion,1.1934849761303006,Grouped,North Carolina
Rural,ValidatedStateOrProvince_X,freq,85,Grouped,North Carolina
Rural,ValidatedStateOrProvince_X,proportion,1.3900589721988206,Grouped,North Dakota
Rural,ValidatedStateOrProvince_X,freq,99,Grouped,North Dakota
Rural,ValidatedStateOrProvince_X,proportion,5.3215388935692225,Grouped,Ohio
Rural,ValidatedStateOrProvince_X,freq,379,Grouped,Ohio
Rural,ValidatedStateOrProvince_X,proportion,1.1654029766919405,Grouped,Oklahoma
Rural,ValidatedStateOrProvince_X,freq,83,Grouped,Oklahoma
Rural,ValidatedStateOrProvince_X,proportion,2.134231957315361,Grouped,Oregon
Rural,ValidatedStateOrProvince_X,freq,152,Grouped,Oregon
Rural,ValidatedStateOrProvince_X,proportion,2.3729289525414208,Grouped,Pennsylvania
Rural,ValidatedStateOrProvince_X,freq,169,Grouped,Pennsylvania
Rural,ValidatedStateOrProvince_X,proportion,0.07020499859590003,Grouped,South Carolina
Rural,ValidatedStateOrProvince_X,freq,11,Grouped,South Carolina
Rural,ValidatedStateOrProvince_X,proportion,0.2527379949452401,Grouped,South Dakota
Rural,ValidatedStateOrProvince_X,freq,18,Grouped,South Dakota
Rural,ValidatedStateOrProvince_X,proportion,0.2808199943836001,Grouped,Tennessee
Rural,ValidatedStateOrProvince_X,freq,20,Grouped,Tennessee
Rural,ValidatedStateOrProvince_X,proportion,4.619488907610222,Grouped,Texas
Rural,ValidatedStateOrProvince_X,freq,329,Grouped,Texas
Rural,ValidatedStateOrProvince_X,proportion,0.3089019938219601,Grouped,Utah
Rural,ValidatedStateOrProvince_X,freq,22,Grouped,Utah
Rural,ValidatedStateOrProvince_X,proportion,2.386969952260601,Grouped,Vermont
Rural,ValidatedStateOrProvince_X,freq,170,Grouped,Vermont
Rural,ValidatedStateOrProvince_X,proportion,2.443133951137321,Grouped,Virginia
Rural,ValidatedStateOrProvince_X,freq,174,Grouped,Virginia
Rural,ValidatedStateOrProvince_X,proportion,2.7520359449592813,Grouped,Washington
Rural,ValidatedStateOrProvince_X,freq,196,Grouped,Washington
Rural,ValidatedStateOrProvince_X,proportion,3.2996349340073015,Grouped,West Virginia
Rural,ValidatedStateOrProvince_X,freq,235,Grouped,West Virginia
Rural,ValidatedStateOrProvince_X,proportion,11.190676776186464,Grouped,Wisconsin
Rural,ValidatedStateOrProvince_X,freq,797,Grouped,Wisconsin
Rural,ValidatedStateOrProvince_X,proportion,0.12636899747262004,Grouped,Wyoming
Rural,ValidatedStateOrProvince_X,freq,11,Grouped,Wyoming
Urban,ValidatedStateOrProvince_X,proportion,0.007307118176978402,Grouped,*Masked
Urban,ValidatedStateOrProvince_X,freq,11,Grouped,*Masked
Urban,ValidatedStateOrProvince_X,proportion,0.03340396880904412,Grouped,*Unspecified
Urban,ValidatedStateOrProvince_X,freq,32,Grouped,*Unspecified
Urban,ValidatedStateOrProvince_X,proportion,0.6096224307650553,Grouped,Alabama
Urban,ValidatedStateOrProvince_X,freq,584,Grouped,Alabama
Urban,ValidatedStateOrProvince_X,proportion,0.4864452957817051,Grouped,Arizona
Urban,ValidatedStateOrProvince_X,freq,466,Grouped,Arizona
Urban,ValidatedStateOrProvince_X,proportion,0.866415440984582,Grouped,Arkansas
Urban,ValidatedStateOrProvince_X,freq,830,Grouped,Arkansas
Urban,ValidatedStateOrProvince_X,proportion,4.865496831842333,Grouped,California
Urban,ValidatedStateOrProvince_X,freq,4661,Grouped,California
Urban,ValidatedStateOrProvince_X,proportion,0.7129659592680355,Grouped,Colorado
Urban,ValidatedStateOrProvince_X,freq,683,Grouped,Colorado
Urban,ValidatedStateOrProvince_X,proportion,1.6555842040982494,Grouped,Connecticut
Urban,ValidatedStateOrProvince_X,freq,1586,Grouped,Connecticut
Urban,ValidatedStateOrProvince_X,proportion,0.24635426996670043,Grouped,Delaware
Urban,ValidatedStateOrProvince_X,freq,236,Grouped,Delaware
Urban,ValidatedStateOrProvince_X,proportion,0.01774585842980469,Grouped,District of Columbia
Urban,ValidatedStateOrProvince_X,freq,17,Grouped,District of Columbia
Urban,ValidatedStateOrProvince_X,proportion,3.2558430848565196,Grouped,Florida
Urban,ValidatedStateOrProvince_X,freq,3119,Grouped,Florida
Urban,ValidatedStateOrProvince_X,proportion,0.8705909370857124,Grouped,Georgia
Urban,ValidatedStateOrProvince_X,freq,834,Grouped,Georgia
Urban,ValidatedStateOrProvince_X,proportion,0.46348006722548724,Grouped,Hawaii
Urban,ValidatedStateOrProvince_X,freq,444,Grouped,Hawaii
Urban,ValidatedStateOrProvince_X,proportion,0.9175652682234308,Grouped,Idaho
Urban,ValidatedStateOrProvince_X,freq,879,Grouped,Idaho
Urban,ValidatedStateOrProvince_X,proportion,4.7798991617691575,Grouped,Illinois
Urban,ValidatedStateOrProvince_X,freq,4579,Grouped,Illinois
Urban,ValidatedStateOrProvince_X,proportion,2.7328621981899226,Grouped,Indiana
Urban,ValidatedStateOrProvince_X,freq,2618,Grouped,Indiana
Urban,ValidatedStateOrProvince_X,proportion,1.6211363612639227,Grouped,Iowa
Urban,ValidatedStateOrProvince_X,freq,1553,Grouped,Iowa
Urban,ValidatedStateOrProvince_X,proportion,1.1680950342912617,Grouped,Kansas
Urban,ValidatedStateOrProvince_X,freq,1119,Grouped,Kansas
Urban,ValidatedStateOrProvince_X,proportion,1.4081860601062663,Grouped,Kentucky
Urban,ValidatedStateOrProvince_X,freq,1349,Grouped,Kentucky
Urban,ValidatedStateOrProvince_X,proportion,2.9583389876509703,Grouped,Louisiana
Urban,ValidatedStateOrProvince_X,freq,2834,Grouped,Louisiana
Urban,ValidatedStateOrProvince_X,proportion,0.7609841644310364,Grouped,Maine
Urban,ValidatedStateOrProvince_X,freq,729,Grouped,Maine
Urban,ValidatedStateOrProvince_X,proportion,1.932210820798146,Grouped,Maryland
Urban,ValidatedStateOrProvince_X,freq,1851,Grouped,Maryland
Urban,ValidatedStateOrProvince_X,proportion,4.337296575049323,Grouped,Massachusetts
Urban,ValidatedStateOrProvince_X,freq,4155,Grouped,Massachusetts
Urban,ValidatedStateOrProvince_X,proportion,5.1003684875309245,Grouped,Michigan
Urban,ValidatedStateOrProvince_X,freq,4886,Grouped,Michigan
Urban,ValidatedStateOrProvince_X,proportion,1.923859828595885,Grouped,Minnesota
Urban,ValidatedStateOrProvince_X,freq,1843,Grouped,Minnesota
Urban,ValidatedStateOrProvince_X,proportion,1.558503919746965,Grouped,Mississippi
Urban,ValidatedStateOrProvince_X,freq,1493,Grouped,Mississippi
Urban,ValidatedStateOrProvince_X,proportion,0.5605603515767718,Grouped,Missouri
Urban,ValidatedStateOrProvince_X,freq,537,Grouped,Missouri
Urban,ValidatedStateOrProvince_X,proportion,0.013570362328674175,Grouped,Montana
Urban,ValidatedStateOrProvince_X,freq,13,Grouped,Montana
Urban,ValidatedStateOrProvince_X,proportion,0.12526488303391548,Grouped,Nebraska
Urban,ValidatedStateOrProvince_X,freq,120,Grouped,Nebraska
Urban,ValidatedStateOrProvince_X,proportion,0.47496268150359616,Grouped,Nevada
Urban,ValidatedStateOrProvince_X,freq,455,Grouped,Nevada
Urban,ValidatedStateOrProvince_X,proportion,0.5365512489952713,Grouped,New Hampshire
Urban,ValidatedStateOrProvince_X,freq,514,Grouped,New Hampshire
Urban,ValidatedStateOrProvince_X,proportion,0.9384427487290834,Grouped,New Jersey
Urban,ValidatedStateOrProvince_X,freq,899,Grouped,New Jersey
Urban,ValidatedStateOrProvince_X,proportion,0.1043874025282629,Grouped,New Mexico
Urban,ValidatedStateOrProvince_X,freq,100,Grouped,New Mexico
Urban,ValidatedStateOrProvince_X,proportion,5.730868398801633,Grouped,New York
Urban,ValidatedStateOrProvince_X,freq,5490,Grouped,New York
Urban,ValidatedStateOrProvince_X,proportion,2.699458229380878,Grouped,North Carolina
Urban,ValidatedStateOrProvince_X,freq,2586,Grouped,North Carolina
Urban,ValidatedStateOrProvince_X,proportion,0.19311669467728634,Grouped,North Dakota
Urban,ValidatedStateOrProvince_X,freq,185,Grouped,North Dakota
Urban,ValidatedStateOrProvince_X,proportion,10.099481194609435,Grouped,Ohio
Urban,ValidatedStateOrProvince_X,freq,9675,Grouped,Ohio
Urban,ValidatedStateOrProvince_X,proportion,0.8758103072121256,Grouped,Oklahoma
Urban,ValidatedStateOrProvince_X,freq,839,Grouped,Oklahoma
Urban,ValidatedStateOrProvince_X,proportion,1.746401244297838,Grouped,Oregon
Urban,ValidatedStateOrProvince_X,freq,1673,Grouped,Oregon
Urban,ValidatedStateOrProvince_X,proportion,7.995031159639654,Grouped,Pennsylvania
Urban,ValidatedStateOrProvince_X,freq,7659,Grouped,Pennsylvania
Urban,ValidatedStateOrProvince_X,proportion,0.005219370126413145,Grouped,Puerto Rico
Urban,ValidatedStateOrProvince_X,freq,11,Grouped,Puerto Rico
Urban,ValidatedStateOrProvince_X,proportion,0.05219370126413145,Grouped,Rhode Island
Urban,ValidatedStateOrProvince_X,freq,50,Grouped,Rhode Island
Urban,ValidatedStateOrProvince_X,proportion,1.9050700961407978,Grouped,South Carolina
Urban,ValidatedStateOrProvince_X,freq,1825,Grouped,South Carolina
Urban,ValidatedStateOrProvince_X,proportion,0.025052976606783094,Grouped,South Dakota
Urban,ValidatedStateOrProvince_X,freq,24,Grouped,South Dakota
Urban,ValidatedStateOrProvince_X,proportion,0.27245112059876614,Grouped,Tennessee
Urban,ValidatedStateOrProvince_X,freq,261,Grouped,Tennessee
Urban,ValidatedStateOrProvince_X,proportion,8.009645395993612,Grouped,Texas
Urban,ValidatedStateOrProvince_X,freq,7673,Grouped,Texas
Urban,ValidatedStateOrProvince_X,proportion,0.6858252346106872,Grouped,Utah
Urban,ValidatedStateOrProvince_X,freq,657,Grouped,Utah
Urban,ValidatedStateOrProvince_X,proportion,0.2599246322953746,Grouped,Vermont
Urban,ValidatedStateOrProvince_X,freq,249,Grouped,Vermont
Urban,ValidatedStateOrProvince_X,proportion,0.0020877480505652577,Grouped,Virgin Islands
Urban,ValidatedStateOrProvince_X,freq,11,Grouped,Virgin Islands
Urban,ValidatedStateOrProvince_X,proportion,3.88738687015251,Grouped,Virginia
Urban,ValidatedStateOrProvince_X,freq,3724,Grouped,Virginia
Urban,ValidatedStateOrProvince_X,proportion,1.62009248723864,Grouped,Washington
Urban,ValidatedStateOrProvince_X,freq,1552,Grouped,Washington
Urban,ValidatedStateOrProvince_X,proportion,1.1148574590018476,Grouped,West Virginia
Urban,ValidatedStateOrProvince_X,freq,1068,Grouped,West Virginia
Urban,ValidatedStateOrProvince_X,proportion,4.71309122415107,Grouped,Wisconsin
Urban,ValidatedStateOrProvince_X,freq,4515,Grouped,Wisconsin
Urban,ValidatedStateOrProvince_X,proportion,0.06263244151695774,Grouped,Wyoming
Urban,ValidatedStateOrProvince_X,freq,60,Grouped,Wyoming
Total,age,mean,62.57117398843035,Continuous,NA
Total,age,sd,13.518459804304525,Continuous,NA
Total,age,median,63.794661190965094,Continuous,NA
Total,age,q25,54.34496919917865,Continuous,NA
Total,age,q75,71.97399041752224,Continuous,NA
Total,age,min,18.0041067761807,Continuous,NA
Total,age,max,99.97535934291581,Continuous,NA
Total,age,freq,102919,Continuous,NA
Total,age,missing,NA,Continuous,NA
Total,SviOverallPctlRankByZip2020_X,mean,60.37085329633827,Continuous,NA
Total,SviOverallPctlRankByZip2020_X,sd,28.39511848496713,Continuous,NA
Total,SviOverallPctlRankByZip2020_X,median,64.95,Continuous,NA
Total,SviOverallPctlRankByZip2020_X,q25,36.61,Continuous,NA
Total,SviOverallPctlRankByZip2020_X,q75,86.22999999999999,Continuous,NA
Total,SviOverallPctlRankByZip2020_X,min,0,Continuous,NA
Total,SviOverallPctlRankByZip2020_X,max,100,Continuous,NA
Total,SviOverallPctlRankByZip2020_X,freq,102356,Continuous,NA
Total,SviOverallPctlRankByZip2020_X,missing,563,Continuous,NA
Total,SviHouseholdCharacteristicsPctlRankByZip2020_X,mean,58.474834206104184,Continuous,NA
Total,SviHouseholdCharacteristicsPctlRankByZip2020_X,sd,27.178344862967037,Continuous,NA
Total,SviHouseholdCharacteristicsPctlRankByZip2020_X,median,61.86000000000001,Continuous,NA
Total,SviHouseholdCharacteristicsPctlRankByZip2020_X,q25,37.28,Continuous,NA
Total,SviHouseholdCharacteristicsPctlRankByZip2020_X,q75,82.06,Continuous,NA
Total,SviHouseholdCharacteristicsPctlRankByZip2020_X,min,0,Continuous,NA
Total,SviHouseholdCharacteristicsPctlRankByZip2020_X,max,100,Continuous,NA
Total,SviHouseholdCharacteristicsPctlRankByZip2020_X,freq,102356,Continuous,NA
Total,SviHouseholdCharacteristicsPctlRankByZip2020_X,missing,563,Continuous,NA
Total,SviRacialEthnicMinorityStatusPctlRankByZip2020_X,mean,64.23820821446715,Continuous,NA
Total,SviRacialEthnicMinorityStatusPctlRankByZip2020_X,sd,25.008010693047343,Continuous,NA
Total,SviRacialEthnicMinorityStatusPctlRankByZip2020_X,median,67.36999999999999,Continuous,NA
Total,SviRacialEthnicMinorityStatusPctlRankByZip2020_X,q25,46.32,Continuous,NA
Total,SviRacialEthnicMinorityStatusPctlRankByZip2020_X,q75,85.78,Continuous,NA
Total,SviRacialEthnicMinorityStatusPctlRankByZip2020_X,min,0,Continuous,NA
Total,SviRacialEthnicMinorityStatusPctlRankByZip2020_X,max,100,Continuous,NA
Total,SviRacialEthnicMinorityStatusPctlRankByZip2020_X,freq,102356,Continuous,NA
Total,SviRacialEthnicMinorityStatusPctlRankByZip2020_X,missing,563,Continuous,NA
Total,bbi_Y1,mean,0.9206408675587366,Continuous,NA
Total,bbi_Y1,sd,0.1824282417703371,Continuous,NA
Total,bbi_Y1,median,1,Continuous,NA
Total,bbi_Y1,q25,1,Continuous,NA
Total,bbi_Y1,q75,1,Continuous,NA
Total,bbi_Y1,min,0,Continuous,NA
Total,bbi_Y1,max,1,Continuous,NA
Total,bbi_Y1,freq,94595,Continuous,NA
Total,bbi_Y1,missing,8324,Continuous,NA
Total,bbi_Y2,mean,0.9181026620520445,Continuous,NA
Total,bbi_Y2,sd,0.18897067937801923,Continuous,NA
Total,bbi_Y2,median,1,Continuous,NA
Total,bbi_Y2,q25,1,Continuous,NA
Total,bbi_Y2,q75,1,Continuous,NA
Total,bbi_Y2,min,0,Continuous,NA
Total,bbi_Y2,max,1,Continuous,NA
Total,bbi_Y2,freq,81763,Continuous,NA
Total,bbi_Y2,missing,21156,Continuous,NA
Total,n_total_Y1,mean,11.233844090984173,Continuous,NA
Total,n_total_Y1,sd,10.472857611848768,Continuous,NA
Total,n_total_Y1,median,8,Continuous,NA
Total,n_total_Y1,q25,4,Continuous,NA
Total,n_total_Y1,q75,15,Continuous,NA
Total,n_total_Y1,min,0,Continuous,NA
Total,n_total_Y1,max,189,Continuous,NA
Total,n_total_Y1,freq,102919,Continuous,NA
Total,n_total_Y1,missing,NA,Continuous,NA
Total,n_total_Y2,mean,8.9230462791127,Continuous,NA
Total,n_total_Y2,sd,9.807611490581353,Continuous,NA
Total,n_total_Y2,median,6,Continuous,NA
Total,n_total_Y2,q25,2,Continuous,NA
Total,n_total_Y2,q75,12,Continuous,NA
Total,n_total_Y2,min,0,Continuous,NA
Total,n_total_Y2,max,189,Continuous,NA
Total,n_total_Y2,freq,102919,Continuous,NA
Total,n_total_Y2,missing,NA,Continuous,NA
Total,Ophthalmology_Y1,mean,0.38741145949727457,Continuous,NA
Total,Ophthalmology_Y1,sd,1.2379704699469547,Continuous,NA
Total,Ophthalmology_Y1,median,0,Continuous,NA
Total,Ophthalmology_Y1,q25,0,Continuous,NA
Total,Ophthalmology_Y1,q75,0,Continuous,NA
Total,Ophthalmology_Y1,min,0,Continuous,NA
Total,Ophthalmology_Y1,max,24,Continuous,NA
Total,Ophthalmology_Y1,freq,102919,Continuous,NA
Total,Ophthalmology_Y1,missing,NA,Continuous,NA
Total,Ophthalmology_Y2,mean,0.2939787599957248,Continuous,NA
Total,Ophthalmology_Y2,sd,1.0224048092908185,Continuous,NA
Total,Ophthalmology_Y2,median,0,Continuous,NA
Total,Ophthalmology_Y2,q25,0,Continuous,NA
Total,Ophthalmology_Y2,q75,0,Continuous,NA
Total,Ophthalmology_Y2,min,0,Continuous,NA
Total,Ophthalmology_Y2,max,25,Continuous,NA
Total,Ophthalmology_Y2,freq,102919,Continuous,NA
Total,Ophthalmology_Y2,missing,NA,Continuous,NA
Total,PrimaryCare_Y1,mean,4.588385040663046,Continuous,NA
Total,PrimaryCare_Y1,sd,4.2334766016211525,Continuous,NA
Total,PrimaryCare_Y1,median,4,Continuous,NA
Total,PrimaryCare_Y1,q25,2,Continuous,NA
Total,PrimaryCare_Y1,q75,6,Continuous,NA
Total,PrimaryCare_Y1,min,0,Continuous,NA
Total,PrimaryCare_Y1,max,160,Continuous,NA
Total,PrimaryCare_Y1,freq,102919,Continuous,NA
Total,PrimaryCare_Y1,missing,NA,Continuous,NA
Total,PrimaryCare_Y2,mean,3.7567796033774132,Continuous,NA
Total,PrimaryCare_Y2,sd,4.024372041467121,Continuous,NA
Total,PrimaryCare_Y2,median,3,Continuous,NA
Total,PrimaryCare_Y2,q25,1,Continuous,NA
Total,PrimaryCare_Y2,q75,5,Continuous,NA
Total,PrimaryCare_Y2,min,0,Continuous,NA
Total,PrimaryCare_Y2,max,147,Continuous,NA
Total,PrimaryCare_Y2,freq,102919,Continuous,NA
Total,PrimaryCare_Y2,missing,NA,Continuous,NA
Total,hba1c_Y1,mean,1.7763386741029352,Continuous,NA
Total,hba1c_Y1,sd,1.2967638242847632,Continuous,NA
Total,hba1c_Y1,median,2,Continuous,NA
Total,hba1c_Y1,q25,1,Continuous,NA
Total,hba1c_Y1,q75,3,Continuous,NA
Total,hba1c_Y1,min,0,Continuous,NA
Total,hba1c_Y1,max,12,Continuous,NA
Total,hba1c_Y1,freq,102919,Continuous,NA
Total,hba1c_Y1,missing,NA,Continuous,NA
Total,hba1c_Y2,mean,1.5496458379890983,Continuous,NA
Total,hba1c_Y2,sd,1.2866447366668292,Continuous,NA
Total,hba1c_Y2,median,2,Continuous,NA
Total,hba1c_Y2,q25,0,Continuous,NA
Total,hba1c_Y2,q75,2,Continuous,NA
Total,hba1c_Y2,min,0,Continuous,NA
Total,hba1c_Y2,max,11,Continuous,NA
Total,hba1c_Y2,freq,102919,Continuous,NA
Total,hba1c_Y2,missing,NA,Continuous,NA
Total,bp_Y1,mean,4.766573713308524,Continuous,NA
Total,bp_Y1,sd,2.987016878944126,Continuous,NA
Total,bp_Y1,median,4,Continuous,NA
Total,bp_Y1,q25,2,Continuous,NA
Total,bp_Y1,q75,7,Continuous,NA
Total,bp_Y1,min,0,Continuous,NA
Total,bp_Y1,max,12,Continuous,NA
Total,bp_Y1,freq,102919,Continuous,NA
Total,bp_Y1,missing,NA,Continuous,NA
Total,bp_Y2,mean,3.7358796723637036,Continuous,NA
Total,bp_Y2,sd,3.0103164068339727,Continuous,NA
Total,bp_Y2,median,3,Continuous,NA
Total,bp_Y2,q25,1,Continuous,NA
Total,bp_Y2,q75,6,Continuous,NA
Total,bp_Y2,min,0,Continuous,NA
Total,bp_Y2,max,12,Continuous,NA
Total,bp_Y2,freq,102919,Continuous,NA
Total,bp_Y2,missing,NA,Continuous,NA
Total,ldl_Y1,mean,0.8485119365714785,Continuous,NA
Total,ldl_Y1,sd,0.927014294641037,Continuous,NA
Total,ldl_Y1,median,1,Continuous,NA
Total,ldl_Y1,q25,0,Continuous,NA
Total,ldl_Y1,q75,1,Continuous,NA
Total,ldl_Y1,min,0,Continuous,NA
Total,ldl_Y1,max,12,Continuous,NA
Total,ldl_Y1,freq,102919,Continuous,NA
Total,ldl_Y1,missing,NA,Continuous,NA
Total,ldl_Y2,mean,0.7515036096347614,Continuous,NA
Total,ldl_Y2,sd,0.8755834105733317,Continuous,NA
Total,ldl_Y2,median,1,Continuous,NA
Total,ldl_Y2,q25,0,Continuous,NA
Total,ldl_Y2,q75,1,Continuous,NA
Total,ldl_Y2,min,0,Continuous,NA
Total,ldl_Y2,max,10,Continuous,NA
Total,ldl_Y2,freq,102919,Continuous,NA
Total,ldl_Y2,missing,NA,Continuous,NA
Total,BodyMassIndex,mean,32.12494536390979,Continuous,NA
Total,BodyMassIndex,sd,6.621601525963571,Continuous,NA
Total,BodyMassIndex,median,31.46,Continuous,NA
Total,BodyMassIndex,q25,27.28,Continuous,NA
Total,BodyMassIndex,q75,36.41,Continuous,NA
Total,BodyMassIndex,min,12.74,Continuous,NA
Total,BodyMassIndex,max,50,Continuous,NA
Total,BodyMassIndex,freq,89437,Continuous,NA
Total,BodyMassIndex,missing,13482,Continuous,NA
Total,SystolicBloodPressure,mean,133.66129128710108,Continuous,NA
Total,SystolicBloodPressure,sd,18.34254448724551,Continuous,NA
Total,SystolicBloodPressure,median,132,Continuous,NA
Total,SystolicBloodPressure,q25,121,Continuous,NA
Total,SystolicBloodPressure,q75,144,Continuous,NA
Total,SystolicBloodPressure,min,61,Continuous,NA
Total,SystolicBloodPressure,max,248,Continuous,NA
Total,SystolicBloodPressure,freq,100334,Continuous,NA
Total,SystolicBloodPressure,missing,2585,Continuous,NA
Total,DiastolicBloodPressure,mean,74.78433522381812,Continuous,NA
Total,DiastolicBloodPressure,sd,10.563071559214363,Continuous,NA
Total,DiastolicBloodPressure,median,75,Continuous,NA
Total,DiastolicBloodPressure,q25,68,Continuous,NA
Total,DiastolicBloodPressure,q75,81,Continuous,NA
Total,DiastolicBloodPressure,min,30,Continuous,NA
Total,DiastolicBloodPressure,max,161,Continuous,NA
Total,DiastolicBloodPressure,freq,100327,Continuous,NA
Total,DiastolicBloodPressure,missing,2592,Continuous,NA
Total,hba1c,mean,8.12622894943438,Continuous,NA
Total,hba1c,sd,1.9506880138276699,Continuous,NA
Total,hba1c,median,7.7,Continuous,NA
Total,hba1c,q25,6.8,Continuous,NA
Total,hba1c,q75,9.1,Continuous,NA
Total,hba1c,min,3.005,Continuous,NA
Total,hba1c,max,19.7,Continuous,NA
Total,hba1c,freq,84236,Continuous,NA
Total,hba1c,missing,18683,Continuous,NA
Total,ldl,mean,83.52774945904581,Continuous,NA
Total,ldl,sd,37.22588510963873,Continuous,NA
Total,ldl,median,78,Continuous,NA
Total,ldl,q25,57.8,Continuous,NA
Total,ldl,q75,103,Continuous,NA
Total,ldl,min,10,Continuous,NA
Total,ldl,max,497.5,Continuous,NA
Total,ldl,freq,63160,Continuous,NA
Total,ldl,missing,39759,Continuous,NA
Total,hdl,mean,46.648375715608076,Continuous,NA
Total,hdl,sd,16.37199442815136,Continuous,NA
Total,hdl,median,44,Continuous,NA
Total,hdl,q25,36,Continuous,NA
Total,hdl,q75,54,Continuous,NA
Total,hdl,min,10,Continuous,NA
Total,hdl,max,215,Continuous,NA
Total,hdl,freq,60791,Continuous,NA
Total,hdl,missing,42128,Continuous,NA
Total,t,mean,41.80146690305195,Continuous,NA
Total,t,sd,29.819388462744733,Continuous,NA
Total,t,median,35.42857142857143,Continuous,NA
Total,t,q25,17.571428571428573,Continuous,NA
Total,t,q75,62.785714285714285,Continuous,NA
Total,t,min,-1.0714285714285714,Continuous,NA
Total,t,max,116.28571428571429,Continuous,NA
Total,t,freq,102899,Continuous,NA
Total,t,missing,20,Continuous,NA
Total,female,proportion,51.12272758188479,Proportion,NA
Total,female,freq,102919,Proportion,NA
Total,female,missing,NA,Proportion,NA
Total,t1dm,proportion,11.240878749307708,Proportion,NA
Total,t1dm,freq,102919,Proportion,NA
Total,t1dm,missing,NA,Proportion,NA
Total,t2dm,proportion,89.6598295747141,Proportion,NA
Total,t2dm,freq,102919,Proportion,NA
Total,t2dm,missing,NA,Proportion,NA
Total,supreme_detected_t2dm,proportion,72.47738512811046,Proportion,NA
Total,supreme_detected_t2dm,freq,102919,Proportion,NA
Total,supreme_detected_t2dm,missing,NA,Proportion,NA
Total,dx_detected_t1dm,proportion,27.832567358796723,Proportion,NA
Total,dx_detected_t1dm,freq,102919,Proportion,NA
Total,dx_detected_t1dm,missing,NA,Proportion,NA
Total,insurance_medicare,proportion,39.10499683744465,Proportion,NA
Total,insurance_medicare,freq,101184,Proportion,NA
Total,insurance_medicare,missing,1735,Proportion,NA
Total,insurance_other,proportion,79.71616065781151,Proportion,NA
Total,insurance_other,freq,101184,Proportion,NA
Total,insurance_other,missing,1735,Proportion,NA
Total,insurance_medicaid,proportion,19.847011385199238,Proportion,NA
Total,insurance_medicaid,freq,101184,Proportion,NA
Total,insurance_medicaid,missing,1735,Proportion,NA
Total,insurance_selfpay,proportion,1.1148007590132827,Proportion,NA
Total,insurance_selfpay,freq,101184,Proportion,NA
Total,insurance_selfpay,missing,1735,Proportion,NA
Total,mild_npdr_nodme,proportion,93.37925941760025,Proportion,NA
Total,mild_npdr_nodme,freq,102919,Proportion,NA
Total,mild_npdr_nodme,missing,NA,Proportion,NA
Total,moderate_npdr_nodme,proportion,7.97034561159747,Proportion,NA
Total,moderate_npdr_nodme,freq,102919,Proportion,NA
Total,moderate_npdr_nodme,missing,NA,Proportion,NA
Total,n_total_Y1_eq0,proportion,3.8680904400548006,Proportion,NA
Total,n_total_Y1_eq0,freq,102919,Proportion,NA
Total,n_total_Y1_eq0,missing,NA,Proportion,NA
Total,n_total_Y2_eq0,proportion,14.802903254015293,Proportion,NA
Total,n_total_Y2_eq0,freq,102919,Proportion,NA
Total,n_total_Y2_eq0,missing,NA,Proportion,NA
Total,bbi_Y1_ge70,proportion,87.17176413511491,Proportion,NA
Total,bbi_Y1_ge70,freq,98938,Proportion,NA
Total,bbi_Y1_ge70,missing,3981,Proportion,NA
Total,bbi_Y2_ge70,proportion,87.25879293827836,Proportion,NA
Total,bbi_Y2_ge70,freq,87684,Proportion,NA
Total,bbi_Y2_ge70,missing,15235,Proportion,NA
Total,svi_ge75,proportion,38.93762945015437,Proportion,NA
Total,svi_ge75,freq,102356,Proportion,NA
Total,svi_ge75,missing,563,Proportion,NA
Total,Ophthalmology_Y1_ge1,proportion,16.248700434322135,Proportion,NA
Total,Ophthalmology_Y1_ge1,freq,102919,Proportion,NA
Total,Ophthalmology_Y1_ge1,missing,NA,Proportion,NA
Total,Ophthalmology_Y2_ge1,proportion,13.856527949163905,Proportion,NA
Total,Ophthalmology_Y2_ge1,freq,102919,Proportion,NA
Total,Ophthalmology_Y2_ge1,missing,NA,Proportion,NA
Total,PrimaryCare_Y1_ge1,proportion,88.02844955741894,Proportion,NA
Total,PrimaryCare_Y1_ge1,freq,102919,Proportion,NA
Total,PrimaryCare_Y1_ge1,missing,NA,Proportion,NA
Total,PrimaryCare_Y2_ge1,proportion,77.53087379395447,Proportion,NA
Total,PrimaryCare_Y2_ge1,freq,102919,Proportion,NA
Total,PrimaryCare_Y2_ge1,missing,NA,Proportion,NA
Total,hba1c_Y1_ge1,proportion,80.04255773958161,Proportion,NA
Total,hba1c_Y1_ge1,freq,102919,Proportion,NA
Total,hba1c_Y1_ge1,missing,NA,Proportion,NA
Total,hba1c_Y2_ge1,proportion,72.4394912504008,Proportion,NA
Total,hba1c_Y2_ge1,freq,102919,Proportion,NA
Total,hba1c_Y2_ge1,missing,NA,Proportion,NA
Total,bp_Y1_ge1,proportion,94.45874911338042,Proportion,NA
Total,bp_Y1_ge1,freq,102919,Proportion,NA
Total,bp_Y1_ge1,missing,NA,Proportion,NA
Total,bp_Y2_ge1,proportion,82.61739814805819,Proportion,NA
Total,bp_Y2_ge1,freq,102919,Proportion,NA
Total,bp_Y2_ge1,missing,NA,Proportion,NA
Total,ldl_Y1_ge1,proportion,57.82314247126381,Proportion,NA
Total,ldl_Y1_ge1,freq,102919,Proportion,NA
Total,ldl_Y1_ge1,missing,NA,Proportion,NA
Total,ldl_Y2_ge1,proportion,52.93774716038827,Proportion,NA
Total,ldl_Y2_ge1,freq,102919,Proportion,NA
Total,ldl_Y2_ge1,missing,NA,Proportion,NA
Total,standards_year1_ge2,proportion,59.17954896569147,Proportion,NA
Total,standards_year1_ge2,freq,102919,Proportion,NA
Total,standards_year1_ge2,missing,NA,Proportion,NA
Total,standards_year2_ge2,proportion,52.513141402462125,Proportion,NA
Total,standards_year2_ge2,freq,102919,Proportion,NA
Total,standards_year2_ge2,missing,NA,Proportion,NA
Total,ABC_Y1_ge1,proportion,54.862561820460755,Proportion,NA
Total,ABC_Y1_ge1,freq,102919,Proportion,NA
Total,ABC_Y1_ge1,missing,NA,Proportion,NA
Total,ABC_Y2_ge1,proportion,49.2639842983317,Proportion,NA
Total,ABC_Y2_ge1,freq,102919,Proportion,NA
Total,ABC_Y2_ge1,missing,NA,Proportion,NA
Total,Ophthalmology_both,proportion,8.788464714970026,Proportion,NA
Total,Ophthalmology_both,freq,102919,Proportion,NA
Total,Ophthalmology_both,missing,NA,Proportion,NA
Total,PrimaryCare_both,proportion,74.03880721732625,Proportion,NA
Total,PrimaryCare_both,freq,102919,Proportion,NA
Total,PrimaryCare_both,missing,NA,Proportion,NA
Total,ABC_both,proportion,35.43077565852758,Proportion,NA
Total,ABC_both,freq,102919,Proportion,NA
Total,ABC_both,missing,NA,Proportion,NA
Total,soc_both,proportion,39.99553046570604,Proportion,NA
Total,soc_both,freq,102919,Proportion,NA
Total,soc_both,missing,NA,Proportion,NA
Total,htn_dx,proportion,79.44305716145706,Proportion,NA
Total,htn_dx,freq,102919,Proportion,NA
Total,htn_dx,missing,NA,Proportion,NA
Total,hld_dx,proportion,82.35991410721053,Proportion,NA
Total,hld_dx,freq,102919,Proportion,NA
Total,hld_dx,missing,NA,Proportion,NA
Total,cerebro_dx,proportion,3.5357902816778246,Proportion,NA
Total,cerebro_dx,freq,102919,Proportion,NA
Total,cerebro_dx,missing,NA,Proportion,NA
Total,pulmonary_dx,proportion,15.698753388587141,Proportion,NA
Total,pulmonary_dx,freq,102919,Proportion,NA
Total,pulmonary_dx,missing,NA,Proportion,NA
Total,cardiovascular_dx,proportion,43.26217705185631,Proportion,NA
Total,cardiovascular_dx,freq,102919,Proportion,NA
Total,cardiovascular_dx,missing,NA,Proportion,NA
Total,obesity_dx,proportion,26.378025437479955,Proportion,NA
Total,obesity_dx,freq,102919,Proportion,NA
Total,obesity_dx,missing,NA,Proportion,NA
Total,htn_rx,proportion,55.945938067800896,Proportion,NA
Total,htn_rx,freq,102919,Proportion,NA
Total,htn_rx,missing,NA,Proportion,NA
Total,hld_rx,proportion,62.961163633537055,Proportion,NA
Total,hld_rx,freq,102919,Proportion,NA
Total,hld_rx,missing,NA,Proportion,NA
Total,statin_rx,proportion,62.661899163419776,Proportion,NA
Total,statin_rx,freq,102919,Proportion,NA
Total,statin_rx,missing,NA,Proportion,NA
Total,insulin_rx,proportion,57.11287517368028,Proportion,NA
Total,insulin_rx,freq,102919,Proportion,NA
Total,insulin_rx,missing,NA,Proportion,NA
Total,otherdm_rx,proportion,60.38535158717049,Proportion,NA
Total,otherdm_rx,freq,102919,Proportion,NA
Total,otherdm_rx,missing,NA,Proportion,NA
Total,depres_rx,proportion,5.36927098009114,Proportion,NA
Total,depres_rx,freq,102919,Proportion,NA
Total,depres_rx,missing,NA,Proportion,NA
Total,psych_rx,proportion,4.826125399586082,Proportion,NA
Total,psych_rx,freq,102919,Proportion,NA
Total,psych_rx,missing,NA,Proportion,NA
Total,outcome,proportion,13.84486829448401,Proportion,NA
Total,outcome,freq,102919,Proportion,NA
Total,outcome,missing,NA,Proportion,NA
Total,o_severe_npdr,proportion,10.13404449435048,Proportion,NA
Total,o_severe_npdr,freq,14249,Proportion,NA
Total,o_severe_npdr,missing,88670,Proportion,NA
Total,o_npdr_dme,proportion,53.4212927222963,Proportion,NA
Total,o_npdr_dme,freq,14249,Proportion,NA
Total,o_npdr_dme,missing,88670,Proportion,NA
Total,o_pdr,proportion,39.70103165134395,Proportion,NA
Total,o_pdr,freq,14249,Proportion,NA
Total,o_pdr,missing,88670,Proportion,NA
Total,o_dme,proportion,0.6947855989894028,Proportion,NA
Total,o_dme,freq,14249,Proportion,NA
Total,o_dme,missing,88670,Proportion,NA
Total,raceeth,proportion,58.563530543437075,Grouped,NHWhite
Total,raceeth,freq,60273,Grouped,NHWhite
Total,raceeth,proportion,21.355629184115664,Grouped,NHBlack
Total,raceeth,freq,21979,Grouped,NHBlack
Total,raceeth,proportion,11.12525384039876,Grouped,Hispanic
Total,raceeth,freq,11450,Grouped,Hispanic
Total,raceeth,proportion,8.955586432048504,Grouped,NHOther
Total,raceeth,freq,9217,Grouped,NHOther
Total,eligibility,proportion,94.8454609935969,Grouped,no death recorded
Total,eligibility,freq,97614,Grouped,no death recorded
Total,eligibility,proportion,5.154539006403094,Grouped,no death within 2 years
Total,eligibility,freq,5305,Grouped,no death within 2 years
Total,historical_hba1c_group,proportion,24.51345232658693,Grouped,<7
Total,historical_hba1c_group,freq,25229,Grouped,<7
Total,historical_hba1c_group,proportion,35.66008220056549,Grouped,7-9
Total,historical_hba1c_group,freq,36701,Grouped,7-9
Total,historical_hba1c_group,proportion,21.673354774142773,Grouped,>=9
Total,historical_hba1c_group,freq,22306,Grouped,>=9
Total,historical_hba1c_group,proportion,18.153110698704808,Grouped,Unavailable
Total,historical_hba1c_group,freq,18683,Grouped,Unavailable
Total,historical_bp_group,proportion,63.956120832888,Grouped,<140/90
Total,historical_bp_group,freq,65823,Grouped,<140/90
Total,historical_bp_group,proportion,24.404628882907918,Grouped,<160/100
Total,historical_bp_group,freq,25117,Grouped,<160/100
Total,historical_bp_group,proportion,9.11979323545701,Grouped,>=160/100
Total,historical_bp_group,freq,9386,Grouped,>=160/100
Total,historical_bp_group,proportion,2.519457048747073,Grouped,Unavailable
Total,historical_bp_group,freq,2593,Grouped,Unavailable
Total,historical_ldl_group,proportion,44.193006150467845,Grouped,<100
Total,historical_ldl_group,freq,45483,Grouped,<100
Total,historical_ldl_group,proportion,10.348915166295825,Grouped,<130
Total,historical_ldl_group,freq,10651,Grouped,<130
Total,historical_ldl_group,proportion,4.441356795149583,Grouped,<160
Total,historical_ldl_group,freq,4571,Grouped,<160
Total,historical_ldl_group,proportion,2.385371019928293,Grouped,>=160
Total,historical_ldl_group,freq,2455,Grouped,>=160
Total,historical_ldl_group,proportion,38.63135086815846,Grouped,Unavailable
Total,historical_ldl_group,freq,39759,Grouped,Unavailable
Total,ValidatedStateOrProvince_X,proportion,0.006801465229938106,Grouped,*Masked
Total,ValidatedStateOrProvince_X,freq,11,Grouped,*Masked
Total,ValidatedStateOrProvince_X,proportion,0.03206405036970822,Grouped,*Unspecified
Total,ValidatedStateOrProvince_X,freq,33,Grouped,*Unspecified
Total,ValidatedStateOrProvince_X,proportion,0.614075146474412,Grouped,Alabama
Total,ValidatedStateOrProvince_X,freq,632,Grouped,Alabama
Total,ValidatedStateOrProvince_X,proportion,0.007773103119929264,Grouped,Alaska
Total,ValidatedStateOrProvince_X,freq,11,Grouped,Alaska
Total,ValidatedStateOrProvince_X,proportion,0.4595847219658178,Grouped,Arizona
Total,ValidatedStateOrProvince_X,freq,473,Grouped,Arizona
Total,ValidatedStateOrProvince_X,proportion,0.9308290986115294,Grouped,Arkansas
Total,ValidatedStateOrProvince_X,freq,958,Grouped,Arkansas
Total,ValidatedStateOrProvince_X,proportion,4.571556272408399,Grouped,California
Total,ValidatedStateOrProvince_X,freq,4705,Grouped,California
Total,ValidatedStateOrProvince_X,proportion,0.6704301440938991,Grouped,Colorado
Total,ValidatedStateOrProvince_X,freq,690,Grouped,Colorado
Total,ValidatedStateOrProvince_X,proportion,1.5507340724258882,Grouped,Connecticut
Total,ValidatedStateOrProvince_X,freq,1596,Grouped,Connecticut
Total,ValidatedStateOrProvince_X,proportion,0.23999455882781606,Grouped,Delaware
Total,ValidatedStateOrProvince_X,freq,247,Grouped,Delaware
Total,ValidatedStateOrProvince_X,proportion,0.016517844129849687,Grouped,District of Columbia
Total,ValidatedStateOrProvince_X,freq,17,Grouped,District of Columbia
Total,ValidatedStateOrProvince_X,proportion,3.067460818702086,Grouped,Florida
Total,ValidatedStateOrProvince_X,freq,3157,Grouped,Florida
Total,ValidatedStateOrProvince_X,proportion,0.817147465482564,Grouped,Georgia
Total,ValidatedStateOrProvince_X,freq,841,Grouped,Georgia
Total,ValidatedStateOrProvince_X,proportion,0.4518116188458885,Grouped,Hawaii
Total,ValidatedStateOrProvince_X,freq,465,Grouped,Hawaii
Total,ValidatedStateOrProvince_X,proportion,0.9055665134717593,Grouped,Idaho
Total,ValidatedStateOrProvince_X,freq,932,Grouped,Idaho
Total,ValidatedStateOrProvince_X,proportion,4.802806090226294,Grouped,Illinois
Total,ValidatedStateOrProvince_X,freq,4943,Grouped,Illinois
Total,ValidatedStateOrProvince_X,proportion,2.7429337634450395,Grouped,Indiana
Total,ValidatedStateOrProvince_X,freq,2823,Grouped,Indiana
Total,ValidatedStateOrProvince_X,proportion,1.8616581972230588,Grouped,Iowa
Total,ValidatedStateOrProvince_X,freq,1916,Grouped,Iowa
Total,ValidatedStateOrProvince_X,proportion,1.180540036339257,Grouped,Kansas
Total,ValidatedStateOrProvince_X,freq,1215,Grouped,Kansas
Total,ValidatedStateOrProvince_X,proportion,1.4720314033366044,Grouped,Kentucky
Total,ValidatedStateOrProvince_X,freq,1515,Grouped,Kentucky
Total,ValidatedStateOrProvince_X,proportion,2.8381542766641727,Grouped,Louisiana
Total,ValidatedStateOrProvince_X,freq,2921,Grouped,Louisiana
Total,ValidatedStateOrProvince_X,proportion,1.037709266510557,Grouped,Maine
Total,ValidatedStateOrProvince_X,freq,1068,Grouped,Maine
Total,ValidatedStateOrProvince_X,proportion,1.8606865593330677,Grouped,Maryland
Total,ValidatedStateOrProvince_X,freq,1915,Grouped,Maryland
Total,ValidatedStateOrProvince_X,proportion,4.039098708693245,Grouped,Massachusetts
Total,ValidatedStateOrProvince_X,freq,4157,Grouped,Massachusetts
Total,ValidatedStateOrProvince_X,proportion,5.10109892245358,Grouped,Michigan
Total,ValidatedStateOrProvince_X,freq,5250,Grouped,Michigan
Total,ValidatedStateOrProvince_X,proportion,2.3154130918489297,Grouped,Minnesota
Total,ValidatedStateOrProvince_X,freq,2383,Grouped,Minnesota
Total,ValidatedStateOrProvince_X,proportion,1.8091897511635364,Grouped,Mississippi
Total,ValidatedStateOrProvince_X,freq,1862,Grouped,Mississippi
Total,ValidatedStateOrProvince_X,proportion,0.6199049738143588,Grouped,Missouri
Total,ValidatedStateOrProvince_X,freq,638,Grouped,Missouri
Total,ValidatedStateOrProvince_X,proportion,0.018461119909832003,Grouped,Montana
Total,ValidatedStateOrProvince_X,freq,19,Grouped,Montana
Total,ValidatedStateOrProvince_X,proportion,0.1321427530387975,Grouped,Nebraska
Total,ValidatedStateOrProvince_X,freq,136,Grouped,Nebraska
Total,ValidatedStateOrProvince_X,proportion,0.4586130840758266,Grouped,Nevada
Total,ValidatedStateOrProvince_X,freq,472,Grouped,Nevada
Total,ValidatedStateOrProvince_X,proportion,0.6568272136340229,Grouped,New Hampshire
Total,ValidatedStateOrProvince_X,freq,676,Grouped,New Hampshire
Total,ValidatedStateOrProvince_X,proportion,0.8735024631020512,Grouped,New Jersey
Total,ValidatedStateOrProvince_X,freq,899,Grouped,New Jersey
Total,ValidatedStateOrProvince_X,proportion,0.1020219784490716,Grouped,New Mexico
Total,ValidatedStateOrProvince_X,freq,105,Grouped,New Mexico
Total,ValidatedStateOrProvince_X,proportion,5.850231735636763,Grouped,New York
Total,ValidatedStateOrProvince_X,freq,6021,Grouped,New York
Total,ValidatedStateOrProvince_X,proportion,2.5952448041663834,Grouped,North Carolina
Total,ValidatedStateOrProvince_X,freq,2671,Grouped,North Carolina
Total,ValidatedStateOrProvince_X,proportion,0.27594516075748887,Grouped,North Dakota
Total,ValidatedStateOrProvince_X,freq,284,Grouped,North Dakota
Total,ValidatedStateOrProvince_X,proportion,9.768847345971103,Grouped,Ohio
Total,ValidatedStateOrProvince_X,freq,10054,Grouped,Ohio
Total,ValidatedStateOrProvince_X,proportion,0.8958501345718478,Grouped,Oklahoma
Total,ValidatedStateOrProvince_X,freq,922,Grouped,Oklahoma
Total,ValidatedStateOrProvince_X,proportion,1.7732391492338635,Grouped,Oregon
Total,ValidatedStateOrProvince_X,freq,1825,Grouped,Oregon
Total,ValidatedStateOrProvince_X,proportion,7.6059814028507855,Grouped,Pennsylvania
Total,ValidatedStateOrProvince_X,freq,7828,Grouped,Pennsylvania
Total,ValidatedStateOrProvince_X,proportion,0.00485818944995579,Grouped,Puerto Rico
Total,ValidatedStateOrProvince_X,freq,11,Grouped,Puerto Rico
Total,ValidatedStateOrProvince_X,proportion,0.0485818944995579,Grouped,Rhode Island
Total,ValidatedStateOrProvince_X,freq,50,Grouped,Rhode Island
Total,ValidatedStateOrProvince_X,proportion,1.7780973386838193,Grouped,South Carolina
Total,ValidatedStateOrProvince_X,freq,1830,Grouped,South Carolina
Total,ValidatedStateOrProvince_X,proportion,0.04080879137962864,Grouped,South Dakota
Total,ValidatedStateOrProvince_X,freq,42,Grouped,South Dakota
Total,ValidatedStateOrProvince_X,proportion,0.27303024708751544,Grouped,Tennessee
Total,ValidatedStateOrProvince_X,freq,281,Grouped,Tennessee
Total,ValidatedStateOrProvince_X,proportion,7.775046395709247,Grouped,Texas
Total,ValidatedStateOrProvince_X,freq,8002,Grouped,Texas
Total,ValidatedStateOrProvince_X,proportion,0.6597421273039964,Grouped,Utah
Total,ValidatedStateOrProvince_X,freq,679,Grouped,Utah
Total,ValidatedStateOrProvince_X,proportion,0.40711627590629523,Grouped,Vermont
Total,ValidatedStateOrProvince_X,freq,419,Grouped,Vermont
Total,ValidatedStateOrProvince_X,proportion,0.001943275779982316,Grouped,Virgin Islands
Total,ValidatedStateOrProvince_X,freq,11,Grouped,Virgin Islands
Total,ValidatedStateOrProvince_X,proportion,3.787444495185534,Grouped,Virginia
Total,ValidatedStateOrProvince_X,freq,3898,Grouped,Virginia
Total,ValidatedStateOrProvince_X,proportion,1.6984230317045443,Grouped,Washington
Total,ValidatedStateOrProvince_X,freq,1748,Grouped,Washington
Total,ValidatedStateOrProvince_X,proportion,1.266044170658479,Grouped,West Virginia
Total,ValidatedStateOrProvince_X,freq,1303,Grouped,West Virginia
Total,ValidatedStateOrProvince_X,proportion,5.161340471633032,Grouped,Wisconsin
Total,ValidatedStateOrProvince_X,freq,5312,Grouped,Wisconsin
Total,ValidatedStateOrProvince_X,proportion,0.06704301440938991,Grouped,Wyoming
Total,ValidatedStateOrProvince_X,freq,69,Grouped,Wyoming
